Date,S&P Daily Return,UPRO Mimic Daily Return,SPY Cumulative,UPRO Mimic Cumulative,Quarter End,S&P Portfolio Value,UPRO Portfolio Value,S&P Portfolio Normal,UPRO Portfolio Normal,Profile Portfolio Value,Contributions,SPY Max Drawdown,UPRO Max Drawdown,Portfolio Max Drawdown,UPRO_mimic_return,S&P_return,Profile_return
2020-01-02,,,,,False,100.0,100.0,70.0,30.0,100.0,100,0,0,-0.21055459754696745,39.66296234259816,14.874000157870585,22.984539077729213
2020-01-03,-0.007059870562045378,-0.021177311686136135,99.29401294379547,102.11773116861363,False,99.29401294379547,97.88226883138638,69.50580906065683,29.364680649415916,98.87048971007275,100,0,0,-0.21055459754696745,39.66296234259816,14.874000157870585,22.984539077729213
2020-01-06,0.0035333728907271933,0.01060241867218158,99.64485571734258,101.0350362289107,False,99.6448557173426,98.92005762611977,69.75139900213982,29.676017287835933,99.42741628997575,100,0,0,-0.21055459754696745,39.66296234259816,14.874000157870585,22.984539077729213
2020-01-07,-0.0028032386528962228,-0.008407415958688668,99.36552740623347,101.88447980488833,False,99.36552740623347,98.08839555499954,69.55586918436343,29.42651866649986,98.98238785086329,100,0,0,-0.21055459754696745,39.66296234259816,14.874000157870585,22.984539077729213
2020-01-08,0.004902451368978156,0.014709654106934467,99.85266207209538,100.38579434809347,False,99.8526620720954,99.53124192551775,69.89686345046678,29.859372577655325,99.7562360281221,100,0,0,-0.21055459754696745,39.66296234259816,14.874000157870585,22.984539077729213
2020-01-09,0.006655262605488987,0.019968087816466962,100.51720776004234,98.38128199102495,False,201.18273402059125,203.5154992864152,140.82791381441388,61.05464978592456,201.88256360033844,200,0,0,-0.21055459754696745,39.66296234259816,14.874000157870585,22.984539077729213
2020-01-10,-0.002855178689662563,-0.008563236068987689,100.23021317050147,99.22374413348375,False,200.6083213656876,201.77274802232773,140.4258249559813,60.53182440669832,200.95764936267963,200,0,0,-0.21055459754696745,39.66296234259816,14.874000157870585,22.984539077729213
2020-01-13,0.006976215252569862,0.020930945757709585,100.92944071238985,97.14689732714893,False,202.00780819699133,205.99604246656708,141.40546573789393,61.798812739970124,203.20427847786405,200,0,0,-0.21055459754696745,39.66296234259816,14.874000157870585,22.984539077729213
2020-01-14,-0.001514532772802224,-0.004541298318406672,100.77657976669035,97.58807036861916,False,201.70186075111505,205.06055298531524,141.19130252578054,61.51816589559457,202.7094684213751,200,0,0,-0.21055459754696745,39.66296234259816,14.874000157870585,22.984539077729213
2020-01-15,0.0018701968845122874,0.005612890653536862,100.9650518122018,97.04031920055044,False,202.0790829426921,206.21153544657562,141.4553580598845,61.863460633972686,203.3188186938572,200,0,0,-0.21055459754696745,39.66296234259816,14.874000157870585,22.984539077729213
2020-01-16,0.00836655302646827,0.025101959079404813,101.8097812720087,94.60441707892583,False,304.60644360831907,313.89804487899727,213.22451052582335,94.16941346369919,307.39392398952253,300,0,0,-0.21055459754696745,39.66296234259816,14.874000157870585,22.984539077729213
2020-01-17,0.003862162248501333,0.011588786745503999,102.20298716576563,93.50806666421545,False,305.7828831154734,317.5357423809306,214.04801818083135,95.2607227142792,309.30874089511053,300,0,0,-0.21055459754696745,39.66296234259816,14.874000157870585,22.984539077729213
2020-01-21,-0.0026519776473655776,-0.007953632942096733,101.93194712830804,94.25179550358774,False,304.97195374450416,315.01017964003654,213.48036762115288,94.50305389201097,307.9834215131639,300,0,0,-0.21055459754696745,39.66296234259816,14.874000157870585,22.984539077729213
2020-01-22,0.0002890760711180551,0.0008695282133541653,101.9614132151053,94.16984090823809,False,305.06011383869384,315.28408987872734,213.54207968708565,94.5852269636182,308.1273066507039,300,0,0,-0.21055459754696745,39.66296234259816,14.874000157870585,22.984539077729213
2020-01-23,0.0011409766124783616,0.0034252298374350845,102.07774880295896,93.84728755937267,False,305.4081802939838,316.3640103506485,213.7857262057886,94.90920310519455,308.6949293109831,300,0,0,-0.21055459754696745,39.66296234259816,14.874000157870585,22.984539077729213
2020-01-24,-0.009042160974207403,-0.027124182922622208,101.1547453663979,96.39281855392503,False,401.74241426750507,405.070476771501,281.2196899872535,121.52114303145028,402.74083301870377,400,0,0,-0.21055459754696745,39.66296234259816,14.874000157870585,22.984539077729213
2020-01-27,-0.015730711659182384,-0.047189834977547154,99.56350923408108,100.94157975450541,False,395.42272018739914,385.9552678183775,276.7959041311794,115.78658034551324,392.5824844766926,400,0,0,-0.21055459754696745,39.66296234259816,14.874000157870585,22.984539077729213
2020-01-28,0.010053584595046017,0.03016305378513805,100.56447939674555,97.89687345521347,False,399.3981359556064,397.5968573202406,279.57869516892447,119.27905719607217,398.85775236499666,400,0,0,-0.21055459754696745,39.66296234259816,14.874000157870585,22.984539077729213
2020-01-29,-0.0008668741908683941,-0.0025983225726051826,100.4773026450384,98.15124111129961,False,399.0519080196655,396.5637724310685,279.33633561376587,118.96913172932055,398.30546734308643,400,0,0,-0.21055459754696745,39.66296234259816,14.874000157870585,22.984539077729213
2020-01-30,0.003134358792605374,0.009405376377816122,100.79223456204114,97.22809174669807,False,400.3026798762729,400.29360396858937,280.21187591339105,120.0880811905768,400.29995710396787,400,0,0,-0.21055459754696745,39.66296234259816,14.874000157870585,22.984539077729213
2020-01-31,-0.01770582037552626,-0.05311516112657878,99.00762536163774,102.3923775058537,False,491.4444104929892,473.72042858320094,344.01108734509245,142.1161285749603,486.1272159200528,500,0,0,-0.21055459754696745,39.66296234259816,14.874000157870585,22.984539077729213
2020-02-03,0.007254613892351713,0.02176614167705514,99.72588745603503,100.16369051041079,False,495.0096499406703,484.0314945470582,346.5067549584692,145.20944836411746,491.71620332258664,500,0,0,-0.21055459754696745,39.66296234259816,14.874000157870585,22.984539077729213
2020-02-04,0.014980414164082134,0.0449435424922464,101.21982255300708,95.66197942977593,False,502.42509951199884,505.7855845898194,351.6975696583992,151.73567537694584,503.433245035345,500,0,0,-0.21055459754696745,39.66296234259816,14.874000157870585,22.984539077729213
2020-02-05,0.01125059589785371,0.03375408769356113,102.35860587340342,92.43299658716363,False,508.07768127554726,522.8579155662032,355.6543768928831,156.857374669861,512.511751562744,500,0,0,-0.21055459754696745,39.66296234259816,14.874000157870585,22.984539077729213
2020-02-06,0.003325672876785646,0.009979318630356938,102.69901711266218,91.51057826226163,False,509.7673814394655,528.0756813040426,356.83716700762585,158.42270439121282,515.2598713988386,500,0,0,-0.21055459754696745,39.66296234259816,14.874000157870585,22.984539077729213
2020-02-07,-0.005400853672730133,-0.016200261018190398,102.14435474890348,92.9930735160358,False,606.474117037907,617.9006913277394,424.531881926535,185.37020739832184,609.9020893248569,600,0,0,-0.21055459754696745,39.66296234259816,14.874000157870585,22.984539077729213
2020-02-10,0.007326397804890528,0.021981493414671583,102.89270492531782,90.94894688293299,False,610.9173876776965,631.4830713050811,427.6421713743876,189.44492139152436,617.087092765912,600,0,0,-0.21055459754696745,39.66296234259816,14.874000157870585,22.984539077729213
2020-02-11,0.0016884725532351208,0.005067717659705363,103.06643643351234,90.48804329868274,False,611.9489049190844,634.6832492173389,428.3642334433591,190.40497476520167,618.7692082085608,600,0,0,-0.21055459754696745,39.66296234259816,14.874000157870585,22.984539077729213
2020-02-12,0.006462646466197652,0.019390239398592957,103.73251837471295,88.73345847641103,False,615.9037143469533,646.98990936194,431.1326000428673,194.096972808582,625.2295728514493,600,0,0,-0.21055459754696745,39.66296234259816,14.874000157870585,22.984539077729213
2020-02-13,-0.0016304457368023773,-0.0048890372104071315,103.56338813236113,89.16727965671032,False,614.8995167616156,643.8267516203116,430.4296617331309,193.14802548609345,623.5776872192243,600,0,0,-0.21055459754696745,39.66296234259816,14.874000157870585,22.984539077729213
2020-02-14,0.0018435333204338544,0.0055328999613015635,103.75431068916015,88.67392601854834,False,716.2174578415277,747.9422706255667,501.3522204890694,224.38268118767,725.7349016767394,700,0,0,-0.21055459754696745,39.66296234259816,14.874000157870585,22.984539077729213
2020-02-18,-0.002919942636890105,-0.008757527910670315,103.45135405361772,89.4504904006045,False,714.1261439490911,741.3921453149932,499.8883007643638,222.41764359449792,722.3059443588618,700,0,0,-0.21055459754696745,39.66296234259816,14.874000157870585,22.984539077729213
2020-02-19,0.004705785881164548,0.014119657643493645,103.93817397491058,88.18748010010535,False,717.4866686746573,751.8603485864162,502.24066807226006,225.55810457592483,727.7987726481849,700,0,0,-0.21055459754696745,39.66296234259816,14.874000157870585,22.984539077729213
2020-02-20,-0.00381551976362815,-0.01144425929088445,103.54159581791389,89.19672048858067,False,714.7490841101894,743.2558638066585,500.32435887713257,222.97675914199752,723.3011180191301,700,0,0,-0.21055459754696745,39.66296234259816,14.874000157870585,22.984539077729213
2020-02-21,-0.01051810302712286,-0.031552009081368584,102.45253464550836,92.01105622346466,False,707.2312796049767,719.8046480420503,495.0618957234837,215.94139441261507,711.0032901360987,700,0,0,-0.21055459754696745,39.66296234259816,14.874000157870585,22.984539077729213
2020-02-24,-0.03351362667122315,-0.10053858001366946,99.01897864787824,101.26171716172972,False,780.1780318629618,737.3826528392965,546.1246223040733,221.21479585178892,767.3394181558623,800,0,0,-0.21055459754696745,39.66296234259816,14.874000157870585,22.984539077729213
2020-02-25,-0.030279995565056117,-0.09083768669516835,96.02068441356411,110.46009729948167,False,756.5542445181972,670.4005184462284,529.5879711627381,201.12015553386848,730.7081266966065,800,0,0,-0.21055459754696745,39.66296234259816,14.874000157870585,22.984539077729213
2020-02-26,-0.0037785406053220116,-0.011333321815966035,95.65786635855665,111.71197712999962,False,753.6955735851565,662.8026536250868,527.5869015096096,198.840796087526,726.4276975971355,800,0,0,-0.21055459754696745,39.66296234259816,14.874000157870585,22.984539077729213
2020-02-27,-0.04416324258407911,-0.13248742775223732,91.43330480148828,126.51240962907005,False,720.4099331343685,574.9896349389419,504.286953194058,172.49689048168256,676.7838436757406,800,0,0,-0.21055459754696745,39.66296234259816,14.874000157870585,22.984539077729213
2020-02-28,-0.008238340444361891,-0.024712721333085674,90.68004610858051,129.63887555341046,False,714.4749508457077,560.7800763212832,500.13246559199536,168.23402289638494,668.3664884883804,800,0,0,-0.21055459754696745,39.66296234259816,14.874000157870585,22.984539077729213
2020-03-02,0.046039229006110016,0.13811998701833006,94.85488551765808,111.7331557449025,False,851.9727496274334,752.04701188475,596.3809247392034,225.61410356542498,821.9950283046284,900,0,0,-0.21055459754696745,39.66296234259816,14.874000157870585,22.984539077729213
2020-03-03,-0.028107896121075893,-0.08432138836322768,92.1887142489512,121.15465056351742,False,828.025588082918,688.6333637282111,579.6179116580427,206.5900091184633,786.207920776506,900,0,0,-0.21055459754696745,39.66296234259816,14.874000157870585,22.984539077729213
2020-03-04,0.04220259077449118,0.12661007232347354,96.0793168304262,105.81525149334531,False,862.9704131275888,775.8212837141967,604.0792891893122,232.74638511425903,836.8256743035713,900,0,0,-0.21055459754696745,39.66296234259816,14.874000157870585,22.984539077729213
2020-03-05,-0.033922077046888544,-0.10176393114066563,92.82010684229205,116.58342745994634,False,833.6966642842895,696.8706600208424,583.5876649990028,209.06119800625274,792.6488630052555,900,0,0,-0.21055459754696745,39.66296234259816,14.874000157870585,22.984539077729213
2020-03-06,-0.01705385200037013,-0.05115925600111039,91.23716647754506,122.54774887085662,False,819.478924758383,661.2192755251733,573.6352473308682,198.36578265755202,772.0010299884202,900,0,0,-0.21055459754696745,39.66296234259816,14.874000157870585,22.984539077729213
2020-03-09,-0.07596969747745097,-0.2279067924323529,84.30590654154612,150.47721323581905,False,849.6263890075967,587.7322321025516,594.7384723053178,176.3196696307655,771.0581419360833,1000,0,0,-0.21055459754696745,39.66296234259816,14.874000157870585,22.984539077729213
2020-03-10,0.04939630628156144,0.14819121884468434,88.47030692241702,128.17781159805156,False,891.594794343913,674.8289879321356,624.1163560407392,202.44869637964072,826.56505242038,1000,0,0,-0.21055459754696745,39.66296234259816,14.874000157870585,22.984539077729213
2020-03-11,-0.048868445131273974,-0.1466030353938219,84.14690058283193,146.96906784846334,False,848.023943057188,575.8970099295437,593.6167601400317,172.76910297886315,766.3858631188948,1000,0,0,-0.21055459754696745,39.66296234259816,14.874000157870585,22.984539077729213
2020-03-12,-0.09511268097833658,-0.28533574293500974,76.14346327238123,188.90459601147052,False,767.3661122991987,411.5730087472467,537.1562786094391,123.47190262417402,660.6281812336132,1000,0,0,-0.21055459754696745,39.66296234259816,14.874000157870585,22.984539077729213
2020-03-13,0.09287124972971839,0.27861604918915517,83.21500186523619,136.27274379708118,False,838.6323621486607,526.2438543972982,587.0426535040625,157.87315631918946,744.915809823252,1000,0,0,-0.21055459754696745,39.66296234259816,14.874000157870585,22.984539077729213
2020-03-16,-0.11984055240393443,-0.3595193572118033,73.24247007341185,185.26543305249655,False,826.1461413645554,401.0970664065394,578.3022989551888,120.32911992196183,698.6314188771506,1100,0,0,-0.21055459754696745,39.66296234259816,14.874000157870585,22.984539077729213
2020-03-17,0.05995484974402432,0.17986684923207297,77.63371136154446,151.94232333772842,False,875.6776091366728,473.24113197731117,612.974326395671,141.97233959319337,754.9466659888644,1100,0,0,-0.21055459754696745,39.66296234259816,14.874000157870585,22.984539077729213
2020-03-18,-0.051830762729157875,-0.15548998818747362,73.60989688818032,175.56783339868915,False,830.2905707502737,399.6568739563324,581.2033995251916,119.89706218689975,701.1004617120914,1100,0,0,-0.21055459754696745,39.66296234259816,14.874000157870585,22.984539077729213
2020-03-19,0.0047078080405855705,0.014125724121756712,73.95643815261717,173.0878106194447,False,834.1994193752741,405.30231670120327,583.9395935626919,121.590695010361,705.530288573053,1100,0,0,-0.21055459754696745,39.66296234259816,14.874000157870585,22.984539077729213
2020-03-20,-0.04335951230846191,-0.13007623692538572,70.74972306224876,195.6024216824759,False,798.0289393831602,352.58211652756984,558.6202575682121,105.77463495827097,664.3948925264831,1100,0,0,-0.21055459754696745,39.66296234259816,14.874000157870585,22.984539077729213
2020-03-23,-0.02929386782180443,-0.0878793034654133,68.67719002643398,212.79182625607996,False,871.7221983327146,412.8095153662245,610.2055388329002,123.84285460986735,734.0483934427675,1200,0,0,-0.21055459754696745,39.66296234259816,14.874000157870585,22.984539077729213
2020-03-24,0.09382773976227554,0.28148551928682664,75.12101553983857,152.8940085423951,False,953.5139219028753,529.0094161656294,667.4597453320126,158.70282484968882,826.1625701817014,1200,0,0,-0.21055459754696745,39.66296234259816,14.874000157870585,22.984539077729213
2020-03-25,0.011535011448221999,0.034607334344665994,75.98753731409266,147.60275446947222,False,964.512715908064,547.3170219023499,675.1589011356448,164.19510657070498,839.3540077063498,1200,0,0,-0.21055459754696745,39.66296234259816,14.874000157870585,22.984539077729213
2020-03-26,0.062414163303876835,0.18724478991163052,80.73023587707388,119.96490771845791,False,1024.7119700674157,649.7992826835147,717.2983790471909,194.93978480505442,912.2381638522453,1200,0,0,-0.21055459754696745,39.66296234259816,14.874000157870585,22.984539077729213
2020-03-27,-0.033687352562252526,-0.10105975768675758,78.01064795864909,132.0885322233995,False,990.1921366569943,584.1307246304898,693.134495659896,175.23921738914694,868.3737130490429,1200,0,0,-0.21055459754696745,39.66296234259816,14.874000157870585,22.984539077729213
2020-03-30,0.03351600948370015,0.10055032845110044,80.62525357546076,118.80698692371293,False,1126.7310266482455,752.9202936955749,788.7117186537718,225.8760881086725,1014.5878067624442,1300,0,0,-0.21055459754696745,39.66296234259816,14.874000157870585,22.984539077729213
2020-03-31,-0.016012721914555605,-0.04803586574366682,79.33422381066639,124.51398339698999,True,1108.6889960460253,716.7531155519321,693.7757623284581,297.3324695693392,991.1082318977973,1300,0,0,-0.21055459754696745,39.66296234259816,14.874000157870585,22.984539077729213
2020-04-01,-0.04414243033166543,-0.13242499099499627,75.83221836318728,141.00274652708748,False,1059.7487692785796,621.8370906793319,663.150814074076,257.95821996409944,921.1090340381754,1300,0,0,-0.21055459754696745,39.66296234259816,14.874000157870585,22.984539077729213
2020-04-02,0.02282934723487151,0.06849034170461453,77.56341840779109,131.3454202361581,False,1083.9421419141681,664.4269255045627,678.2901142776608,275.62586659495474,953.9159808726156,1300,0,0,-0.21055459754696745,39.66296234259816,14.874000157870585,22.984539077729213
2020-04-03,-0.015137125124949469,-0.04540907537484841,76.38933123823354,137.30969432380294,False,1067.5343740838077,634.2559131632473,668.0227519468235,263.10995084348656,931.1327027903101,1300,0,0,-0.21055459754696745,39.66296234259816,14.874000157870585,22.984539077729213
2020-04-06,0.07033131865275055,0.21099625595825167,81.76189363522025,108.33786291470852,False,1249.6486061855358,889.1811617558997,789.9288652869755,354.9550530555694,1144.8839183425448,1400,0,0,-0.21055459754696745,39.66296234259816,14.874000157870585,22.984539077729213
2020-04-07,-0.0016030527844311804,-0.004806858353293541,81.63082500396794,108.85862767603807,False,1247.6453535078294,884.9069938609221,788.6625676199747,353.2488343937455,1141.9114020137201,1400,0,0,-0.21055459754696745,39.66296234259816,14.874000157870585,22.984539077729213
2020-04-08,0.03405645287963033,0.10217165863889098,84.41088134924092,97.73636112922377,False,1290.1357287000585,975.3194091648473,815.5216171920525,389.3408537160094,1204.8624709080618,1400,0,0,-0.21055459754696745,39.66296234259816,14.874000157870585,22.984539077729213
2020-04-09,0.014487410153376512,0.04346453046012953,85.63377640875538,93.4882960838604,False,1308.8264541552614,1017.7112093328484,827.3364133492587,406.2633711117217,1233.5997844609803,1400,0,0,-0.21055459754696745,39.66296234259816,14.874000157870585,22.984539077729213
2020-04-13,-0.010104660822607414,-0.030311682467822242,84.76847614318591,96.32208362921213,False,1295.6012067603665,986.8626703116078,818.9764595061719,393.9488448082762,1212.925304314448,1400,0,0,-0.21055459754696745,39.66296234259816,14.874000157870585,22.984539077729213
2020-04-14,0.030572589146256046,0.09172006743876814,87.36006793686573,87.48741562289813,False,1438.2683490666702,1186.5497877292682,916.1547715633474,462.83346144467913,1378.9882330080266,1500,0,0,-0.21055459754696745,39.66296234259816,14.874000157870585,22.984539077729213
2020-04-15,-0.022030438529415775,-0.06608901558824733,85.43548733025703,93.26937279777532,False,1406.5826666137527,1108.1318803117972,895.9714801849901,432.24525359649925,1328.2167337814894,1500,0,0,-0.21055459754696745,39.66296234259816,14.874000157870585,22.984539077729213
2020-04-16,0.005816689462164515,0.017452368386493545,85.93243902910582,91.64160134453134,False,1414.7643211883083,1127.4714061078164,901.1830680521821,439.7889569955787,1340.9720250477608,1500,0,0,-0.21055459754696745,39.66296234259816,14.874000157870585,22.984539077729213
2020-04-17,0.026793594848223412,0.08038308454467023,88.23487798477134,84.27516675584491,False,1452.6709432159496,1218.1010354666791,925.3290020616512,475.14054990756665,1400.4695519692177,1500,0,0,-0.21055459754696745,39.66296234259816,14.874000157870585,22.984539077729213
2020-04-20,-0.01788104803401469,-0.053640844102044075,86.65714589325022,88.79575783746895,False,1426.6956643026879,1152.7610677226726,908.7831497285199,449.65360974341536,1358.4367594719351,1500,0,0,-0.21055459754696745,39.66296234259816,14.874000157870585,22.984539077729213
2020-04-21,-0.030674795694063395,-0.09202208708219019,83.99895564754412,96.9669287977176,False,1479.8645867131904,1137.4793796555193,948.7591765818057,435.51488349831993,1384.2740600801258,1600,0,0,-0.21055459754696745,39.66296234259816,14.874000157870585,22.984539077729213
2020-04-22,0.022930247703843776,0.06879304311153132,85.9250725074065,90.29627868454342,False,1513.7982482546702,1215.7300476586395,970.5144595121213,465.4752776545334,1435.9897371666548,1600,0,0,-0.21055459754696745,39.66296234259816,14.874000157870585,22.984539077729213
2020-04-23,-0.0005394221197431159,-0.0016159663592293478,85.87872262265547,90.44219443326125,False,1512.9816719947332,1213.7654687997187,969.99094254513,464.7230852647907,1434.7140278099207,1600,0,0,-0.21055459754696745,39.66296234259816,14.874000157870585,22.984539077729213
2020-04-24,0.013918057304545428,0.04175647191363628,87.07398760535875,86.66564748160114,False,1534.039437606283,1264.4480325073957,983.4913320683631,484.12828172226835,1467.6196137906315,1600,0,0,-0.21055459754696745,39.66296234259816,14.874000157870585,22.984539077729213
2020-04-27,0.014714069804799612,0.04414450941439883,88.35520033716625,82.83983499044463,False,1556.6114009745372,1320.2664705824366,997.9624921808324,505.4998872125338,1503.4623793933663,1600,0,0,-0.21055459754696745,39.66296234259816,14.874000157870585,22.984539077729213
2020-04-28,-0.005242380698498916,-0.01572484209549675,87.89200874030668,84.14247831488638,False,1647.9268133411551,1397.9330045989993,1062.363826225103,527.0792360439605,1589.4430622690634,1700,0,0,-0.21055459754696745,39.66296234259816,14.874000157870585,22.984539077729213
2020-04-29,0.026583916282167053,0.07975404884650115,90.22852254253048,77.43177498929525,False,1691.7351617861548,1509.4238217319241,1090.6056172426738,569.115939181387,1659.721556424061,1700,0,0,-0.21055459754696745,39.66296234259816,14.874000157870585,22.984539077729213
2020-04-30,-0.009212446303987654,-0.02763503891196296,89.39729712351928,79.5716051041468,False,1676.1501424476319,1467.7108356837186,1080.5584715549983,553.388398056691,1633.9468696116892,1700,0,0,-0.21055459754696745,39.66296234259816,14.874000157870585,22.984539077729213
2020-05-01,-0.028059034078492195,-0.08417480223547659,86.88889531700536,86.2695292273478,False,1629.1189884800242,1344.1665663511756,1050.239044577833,506.80703909086185,1557.0460836686948,1700,0,0,-0.21055459754696745,39.66296234259816,14.874000157870585,22.984539077729213
2020-05-04,0.004249827591976452,0.012751782775929355,87.25815814175994,85.16943893045897,False,1636.0424633078794,1361.3070864199526,1054.7023794476509,513.2697323626604,1567.9721118103112,1700,0,0,-0.21055459754696745,39.66296234259816,14.874000157870585,22.984539077729213
2020-05-05,0.009040556385797371,0.027123969157392114,88.04702044056134,82.8593056957568,False,1751.7372530855528,1500.943534761486,1134.870314726288,558.00536382741,1692.875678553698,1800,0,0,-0.21055459754696745,39.66296234259816,14.874000157870585,22.984539077729213
2020-05-06,-0.006979410390386298,-0.020935931171158894,87.43250415125593,84.5940424166932,False,1739.5111599001407,1469.5198842259235,1126.9495890599462,546.3230019371819,1673.2725909971282,1800,0,0,-0.21055459754696745,39.66296234259816,14.874000157870585,22.984539077729213
2020-05-07,0.011504630788313985,0.03451619236494195,88.43838283041386,81.67417817571055,False,1759.5235935469436,1520.2421152339728,1139.914727999123,565.1799917654382,1705.0947197645612,1800,0,0,-0.21055459754696745,39.66296234259816,14.874000157870585,22.984539077729213
2020-05-08,0.016871538638701944,0.05061691591610583,89.93047442348151,77.54008316647356,False,1789.2094638411786,1597.1920825528937,1159.1468433773857,593.7876598860948,1752.9345032634806,1800,0,0,-0.21055459754696745,39.66296234259816,14.874000157870585,22.984539077729213
2020-05-11,0.00013307822091168653,0.0004015346627350596,89.94244221102353,77.50894813533085,False,1789.447568653465,1597.8334105370848,1159.3011005770777,594.0260862138434,1753.3271867909211,1800,0,0,-0.21055459754696745,39.66296234259816,14.874000157870585,22.984539077729213
2020-05-12,-0.020500317528877154,-0.061498652586631466,88.09859358637486,82.27564400906081,False,1850.713293541904,1593.418943472489,1204.1000376766494,585.6493227327829,1789.7493604094325,1900,0,0,-0.21055459754696745,39.66296234259816,14.874000157870585,22.984539077729213
2020-05-13,-0.01746272460422804,-0.05238587381268413,86.56015210855618,86.58572551397678,False,1818.3947969753979,1509.9462997689986,1183.0731703227616,554.9695712136195,1738.042741536381,1900,0,0,-0.21055459754696745,39.66296234259816,14.874000157870585,22.984539077729213
2020-05-14,0.01152482269503552,0.034576768085106555,87.5577425140626,83.59187096339932,False,1839.3514746001144,1562.1553627970761,1196.707878845985,574.1586253717638,1770.866504217749,1900,0,0,-0.21055459754696745,39.66296234259816,14.874000157870585,22.984539077729213
2020-05-15,0.0039263632504382695,0.011781389751314809,87.90152601656115,82.60704255153789,False,1846.5734366346237,1580.559723978295,1201.4065886829958,580.9230119163477,1782.3296005993434,1900,0,0,-0.21055459754696745,39.66296234259816,14.874000157870585,22.984539077729213
2020-05-18,0.03150119163168075,0.09450587489504224,90.67052883232601,74.80019172271281,False,1904.7427003240223,1729.9319035167305,1239.2523278606627,635.8236494041652,1875.075977264828,1900,0,0,-0.21055459754696745,39.66296234259816,14.874000157870585,22.984539077729213
2020-05-19,-0.010484399194493177,-0.031450897583479534,89.7199028128721,77.15272489180849,False,1983.724177571579,1772.3789026344841,1295.525603809052,644.8828979980962,1940.4085018071482,2000,0,0,-0.21055459754696745,39.66296234259816,14.874000157870585,22.984539077729213
2020-05-20,0.01665110025908012,0.04995560077724036,91.21383790984416,73.29851416823705,False,2016.7553677386848,1860.919155520496,1317.0975305262818,677.0984105985589,1994.1959411248408,2000,0,0,-0.21055459754696745,39.66296234259816,14.874000157870585,22.984539077729213
2020-05-21,-0.007773596407737116,-0.023318489223211347,90.50477834713229,75.00772478094649,False,2001.0779254567467,1817.5253322472238,1306.8589458943434,661.3094986079628,1968.168444502306,2000,0,0,-0.21055459754696745,39.66296234259816,14.874000157870585,22.984539077729213
2020-05-22,0.002353711326488428,0.007063433979465284,90.71780046902926,74.47791266900637,False,2005.7878852350802,1830.3633024375579,1309.9349145974177,665.9806145913735,1975.9155291887912,2000,0,0,-0.21055459754696745,39.66296234259816,14.874000157870585,22.984539077729213
2020-05-26,0.012289184036080147,0.03686985210824044,91.83264821434155,71.73192304356965,False,2030.4373816940742,1897.8485267027813,1326.0329458381923,690.5352213583126,2016.5681671965049,2000,0,0,-0.21055459754696745,39.66296234259816,14.874000157870585,22.984539077729213
2020-05-27,0.014827297215913804,0.04448419164774141,93.19427818354005,68.54098643163846,False,2162.0260099523457,2086.7212034477857,1416.7323412493429,752.5876482341636,2169.3199894835066,2100,0,0,-0.21055459754696745,39.66296234259816,14.874000157870585,22.984539077729213
2020-05-28,-0.0021079145460738413,-0.006321443638221524,92.99783260894611,68.97426441427416,False,2157.4686438769772,2073.5301129715085,1413.7459905393303,747.8302078330296,2161.5761983723596,2100,0,0,-0.21055459754696745,39.66296234259816,14.874000157870585,22.984539077729213
2020-05-29,0.004812335824971425,0.014439307474914276,93.44536941045483,67.97832380254042,False,2167.851107523159,2103.470451831198,1420.5494110170123,758.6283581429598,2179.177769159972,2100,0,0,-0.21055459754696745,39.66296234259816,14.874000157870585,22.984539077729213
2020-06-01,0.003751234813537785,0.011256004440613355,93.79590493335124,67.21315948795356,False,2175.9832260682665,2127.147124577709,1425.87822542197,767.1674823109921,2193.045707732962,2100,0,0,-0.21055459754696745,39.66296234259816,14.874000157870585,22.984539077729213
2020-06-02,0.008210832780053412,0.024634798340160236,94.56604742421277,65.5573768581628,False,2193.8498604697143,2179.5489650315326,1437.585873095629,786.0664985308518,2223.652371626481,2100,0,0,-0.21055459754696745,39.66296234259816,14.874000157870585,22.984539077729213
2020-06-03,0.013648979133831007,0.04094923740149302,95.85677743227473,62.87285226977875,False,2325.1585693514066,2372.8947567689365,1528.1628812199697,849.4837993145968,2377.6466805345663,2200,0,0,-0.21055459754696745,39.66296234259816,14.874000157870585,22.984539077729213
2020-06-04,-0.0033687022311144066,-0.01010380669334322,95.53386449227119,63.50810741537172,False,2317.325802491138,2348.9194868428954,1523.0149555124976,840.9007792171953,2363.915734729693,2200,0,0,-0.21055459754696745,39.66296234259816,14.874000157870585,22.984539077729213
2020-06-05,0.026211650818398713,0.07863725245519614,98.03796478967483,58.51400433959741,False,2378.0667372585012,2533.63206152669,1562.9356917175903,907.0269060822691,2469.9625977998594,2200,0,0,-0.21055459754696745,39.66296234259816,14.874000157870585,22.984539077729213
2020-06-08,0.012041579421169235,0.0361270382635077,99.21849672897949,56.400066665869716,False,2406.7024167440404,2625.164683959115,1581.7559059795879,939.7951018243342,2521.551007803922,2200,0,0,-0.21055459754696745,39.66296234259816,14.874000157870585,22.984539077729213
2020-06-09,-0.007799170822611612,-0.023395212467834835,98.44467472422744,57.71955820871779,False,2387.9321334766614,2563.748398414835,1569.4195214691783,917.8083957409234,2487.2279172101016,2200,0,0,-0.21055459754696745,39.66296234259816,14.874000157870585,22.984539077729213
2020-06-10,-0.0053130910724373814,-0.015936973217312144,97.92162920182115,58.63943326200523,False,2474.7135234694565,2621.2963115316393,1630.7091362456808,932.7031987228568,2563.412334968538,2300,0,0,-0.21055459754696745,39.66296234259816,14.874000157870585,22.984539077729213
2020-06-11,-0.05894405927443824,-0.17682987782331472,92.14973088589944,69.00863708135402,False,2328.843862854819,2157.772805024794,1534.5885202594475,767.7734060472792,2302.3619263067267,2300,0,0,-0.21055459754696745,39.66296234259816,14.874000157870585,22.984539077729213
2020-06-12,0.013060843963234703,0.039184831889704105,93.35328414225424,66.30454523838355,False,2359.260529162302,2242.3247696458657,1554.6315414703274,797.8584778926273,2352.4900193629546,2300,0,0,-0.21055459754696745,39.66296234259816,14.874000157870585,22.984539077729213
2020-06-15,0.008312217041285264,0.02493895112385579,94.12925690156143,64.65097942539403,False,2378.871214737637,2298.2459974798753,1567.5539762622566,817.7562314765455,2385.310207738802,2300,0,0,-0.21055459754696745,39.66296234259816,14.874000157870585,22.984539077729213
2020-06-16,0.01896239819380252,0.05688949458140756,95.91417335261558,60.97301788169038,False,2423.9803179632668,2428.9920507002485,1597.27855895042,864.2779701760427,2461.5565291264625,2300,0,0,-0.21055459754696745,39.66296234259816,14.874000157870585,22.984539077729213
2020-06-17,-0.0036002995561740248,-0.010798598668522074,95.56885359686336,61.63144103140339,False,2514.8932327447114,2501.682480508854,1661.2758566946122,884.6210212780111,2545.8968779726233,2400,0,0,-0.21055459754696745,39.66296234259816,14.874000157870585,22.984539077729213
2020-06-18,0.0005942198825281686,0.0017849596475845058,95.62564250982103,61.521431396139846,False,2516.387632306044,2506.1478827876313,1662.263019839024,886.2000341043973,2548.4630539434215,2400,0,0,-0.21055459754696745,39.66296234259816,14.874000157870585,22.984539077729213
2020-06-19,-0.005649494809462974,-0.01694618442838892,95.08540593881024,62.56398491887731,False,2502.171313438734,2463.6782385610954,1652.8720735364814,871.1823248860197,2524.054398422501,2400,0,0,-0.21055459754696745,39.66296234259816,14.874000157870585,22.984539077729213
2020-06-22,0.006495095537691675,0.019487586613075026,95.702994734623,61.34476384391158,False,2518.42315517119,2511.689381621803,1663.6076355656833,888.1595658980161,2551.767201463699,2400,0,0,-0.21055459754696745,39.66296234259816,14.874000157870585,22.984539077729213
2020-06-23,0.004307419569164139,0.012924558707492418,96.11522768697053,60.55190984221368,False,2529.2710603532105,2544.1518584895593,1670.7734916505299,899.638636349086,2570.412127999616,2400,0,0,-0.21055459754696745,39.66296234259816,14.874000157870585,22.984539077729213
2020-06-24,-0.025855145939064572,-0.07756313781719372,93.63015444815748,65.24850597039958,False,2561.2908733744193,2439.0631434799448,1695.7655389770505,857.5329466777539,2553.2984856548046,2500,0,0,-0.21055459754696745,39.66296234259816,14.874000157870585,22.984539077729213
2020-06-25,0.010959447267809841,0.03288064180342952,94.65628918850896,63.10309321737794,False,2589.3612056386887,2519.261105036656,1714.3501919800385,885.7291803321045,2600.0793723121433,2500,0,0,-0.21055459754696745,39.66296234259816,14.874000157870585,22.984539077729213
2020-06-26,-0.024226905044785974,-0.07267841513435792,92.36306025844715,67.68932602249262,False,2526.6289975830277,2336.1652006129607,1672.8167926654276,821.3557872673133,2494.172579932741,2500,0,0,-0.21055459754696745,39.66296234259816,14.874000157870585,22.984539077729213
2020-06-29,0.014685678433118632,0.04405933529935589,93.71947446050146,64.7069793110802,False,2563.734258561325,2439.0950865014543,1697.383242160033,857.5441772985903,2554.9274194586233,2500,0,0,-0.21055459754696745,39.66296234259816,14.874000157870585,22.984539077729213
2020-06-30,0.015409875731554612,0.04623192719466383,95.16367991556439,61.71545095458373,True,2603.241084894484,2551.859152961452,1834.510862982146,786.2189412780626,2620.7298042602088,2500,0,0,-0.21055459754696745,39.66296234259816,14.874000157870585,22.984539077729213
2020-07-01,0.005022132820864389,0.015068698462593167,95.64160455582258,60.78547943366615,False,2716.817120669642,2691.819218902696,1914.0755694948214,828.5182983836388,2742.59386787846,2600,0,0,-0.21055459754696745,39.66296234259816,14.874000157870585,22.984539077729213
2020-07-02,0.004541250844364075,0.013626052533092226,96.07593707326805,59.95721329765381,False,2729.1548687128657,2728.498088989051,1922.7678667909663,839.8077322420424,2762.575599033009,2600,0,0,-0.21055459754696745,39.66296234259816,14.874000157870585,22.984539077729213
2020-07-06,0.01588172586745884,0.04764747760237652,97.60178876832491,57.10040331995294,False,2772.498558187604,2858.504140572284,1953.304738958099,879.8224523543478,2833.127191312447,2600,0,0,-0.21055459754696745,39.66296234259816,14.874000157870585,22.984539077729213
2020-07-07,-0.010818532028197159,-0.03245329608459148,96.54588069052545,58.95349961544497,False,2742.504193737721,2765.736259339261,1932.1728490788516,851.2693138062208,2783.4421628850723,2600,0,0,-0.21055459754696745,39.66296234259816,14.874000157870585,22.984539077729213
2020-07-08,0.007827461915415501,0.023484685746246504,97.30158989472079,57.56899520333478,False,2763.9710408670703,2830.6887062468427,1947.2968584690161,871.2611061263827,2818.557964595399,2600,0,0,-0.21055459754696745,39.66296234259816,14.874000157870585,22.984539077729213
2020-07-09,-0.005643606159361103,-0.01692851847808331,96.75245804267531,58.54355300239913,False,2847.807916260601,2881.076488329633,2005.9120294933007,886.0040908377445,2891.916120331045,2700,0,0,-0.21055459754696745,39.66296234259816,14.874000157870585,22.984539077729213
2020-07-10,0.01046620127324438,0.031400903819733136,97.76508874223109,56.70523252530535,False,2877.613647099723,2971.544894036966,2026.9063085303997,913.8254200780306,2940.7317286084303,2700,0,0,-0.21055459754696745,39.66296234259816,14.874000157870585,22.984539077729213
2020-07-13,-0.009362541127788226,-0.02808532338336468,96.84975907802009,58.297817318307445,False,2850.671870978867,2888.088094739752,2007.9293148546103,888.1603376392,2896.0896524938103,2700,0,0,-0.21055459754696745,39.66296234259816,14.874000157870585,22.984539077729213
2020-07-14,0.013406370782667931,0.04022141234800379,98.14816285843207,55.95299676895921,False,2888.8890350609313,3004.25107689564,2034.8483597549396,923.8834008105285,2958.731760565468,2700,0,0,-0.21055459754696745,39.66296234259816,14.874000157870585,22.984539077729213
2020-07-15,0.009082050740923053,0.02724845222276916,99.03954945364073,54.42836420977947,False,2915.1260718622507,3086.1122688296336,2053.328955808318,949.0577935169238,3002.386749325242,2700,0,0,-0.21055459754696745,39.66296234259816,14.874000157870585,22.984539077729213
2020-07-16,-0.0034061012455366413,-0.010216003736609924,98.7022107208893,54.98440458192414,False,3004.8562471934306,3153.5629339860116,2116.0966824072552,969.0557354399978,3085.1524178472528,2800,0,0,-0.21055459754696745,39.66296234259816,14.874000157870585,22.984539077729213
2020-07-17,0.002848612194617406,0.008548136583852218,98.98337504198452,54.514390381576064,False,3013.415917342258,3180.5200206714976,2122.1246212217497,977.3393562239042,3099.463977445654,2800,0,0,-0.21055459754696745,39.66296234259816,14.874000157870585,22.984539077729213
2020-07-20,0.0084069387471426,0.0252231162414278,99.81552221294791,53.139367576150995,False,3038.749520379019,3260.7426468610834,2139.965192926164,1001.990900413262,3141.956093339426,2800,0,0,-0.21055459754696745,39.66296234259816,14.874000157870585,22.984539077729213
2020-07-21,0.0016790373419135474,0.005039412025740642,99.98311620204605,52.87157640814749,False,3043.8516942964575,3277.1748725685206,2143.5582743954824,1007.0403454064873,3150.5986198019696,2800,0,0,-0.21055459754696745,39.66296234259816,14.874000157870585,22.984539077729213
2020-07-22,0.005747082068739751,0.017243546206219252,100.55772737634756,51.959882937357946,False,3061.344959788652,3333.6849889095165,2155.8774797175593,1024.405292134031,3180.28277185159,2800,0,0,-0.21055459754696745,39.66296234259816,14.874000157870585,22.984539077729213
2020-07-23,-0.012319859824193036,-0.03695727947257911,99.31887027083154,53.88017885243639,False,3122.3976330281366,3306.785333153588,2198.454981181611,1015.4373410752672,3213.8923222568783,2900,0,0,-0.21055459754696745,39.66296234259816,14.874000157870585,22.984539077729213
2020-07-24,-0.006190400054688405,-0.018568900164065216,98.70404673087539,54.880674514369254,False,3103.0687425498804,3245.381966438264,2184.8456653458743,996.5817864659767,3181.427451811851,2900,0,0,-0.21055459754696745,39.66296234259816,14.874000157870585,22.984539077729213
2020-07-27,0.007395138795039502,0.022187716385118506,99.43397685608228,53.662997673220424,False,3126.0163665915857,3317.3895810709746,2201.0029022868475,1018.6936604986586,3219.696562785506,2900,0,0,-0.21055459754696745,39.66296234259816,14.874000157870585,22.984539077729213
2020-07-28,-0.006473392152297919,-0.019417876456893756,98.79030173063035,54.7050191323456,False,3105.780436776137,3252.972920026352,2186.7549473719987,998.9127928516748,3185.6677402236737,2900,0,0,-0.21055459754696745,39.66296234259816,14.874000157870585,22.984539077729213
2020-07-29,0.01242838167815008,0.03728744503445024,100.01810530663823,52.66520873833972,False,3144.3802614529222,3374.2679689803895,2213.932772494521,1036.1596987093408,3250.092471203862,2900,0,0,-0.21055459754696745,39.66296234259816,14.874000157870585,22.984539077729213
2020-07-30,-0.003750251937389204,-0.011248455812167612,99.64301221343803,53.25761101167152,False,3232.213018091781,3435.1878192516842,2275.3674491896068,1054.167048449695,3329.5344976393017,3000,0,0,-0.21055459754696745,39.66296234259816,14.874000157870585,22.984539077729213
2020-07-31,0.007670504990141325,0.023013814970423974,100.40732443585392,52.0319502060821,False,3257.005724176254,3514.244596112597,2292.820666563021,1078.4274538506343,3371.248120413655,3000,0,0,-0.21055459754696745,39.66296234259816,14.874000157870585,22.984539077729213
2020-08-03,0.00718102343932614,0.02154537031797842,101.12835178610781,50.91090257052545,False,3280.394358623583,3589.960297323797,2309.2854655117812,1101.6625727049209,3410.948038216702,3000,0,0,-0.21055459754696745,39.66296234259816,14.874000157870585,22.984539077729213
2020-08-04,0.0036119303819721615,0.010838091145916485,101.49362035240284,50.359125568145224,False,3292.2429146723453,3628.868614236414,2317.62644384531,1113.6024920799416,3431.228935925252,3000,0,0,-0.21055459754696745,39.66296234259816,14.874000157870585,22.984539077729213
2020-08-05,0.006429743053199433,0.019291529159598298,102.14619825280775,49.38762102879547,False,3313.4111906824046,3698.875038924307,2332.528186372536,1135.0855870281032,3467.613773400639,3000,0,0,-0.21055459754696745,39.66296234259816,14.874000157870585,22.984539077729213
2020-08-06,0.00642769555966427,0.01928538667899281,102.80276291775392,48.435161660099595,False,3435.3515586360622,3872.137812995136,2417.970906128051,1187.5547130880616,3605.5256192161123,3100,0,0,-0.21055459754696745,39.66296234259816,14.874000157870585,22.984539077729213
2020-08-07,0.0006330295486443038,0.0019013886459329115,102.86784010436314,48.34306759365516,False,3437.52623768266,3879.5002518682522,2419.501553159392,1189.8127161359514,3609.3142692953434,3100,0,0,-0.21055459754696745,39.66296234259816,14.874000157870585,22.984539077729213
2020-08-10,0.002742218294476073,0.00822895488342822,103.14992617741056,47.94525467150045,False,3446.9526850193747,3911.4244844111245,2426.136354581979,1199.6036312967633,3625.739985878742,3100,0,0,-0.21055459754696745,39.66296234259816,14.874000157870585,22.984539077729213
2020-08-11,-0.007969132154236114,-0.02390509646270834,102.32791078400308,49.091390609351784,False,3419.483463543056,3817.921504804677,2406.8021533481187,1170.926990773599,3577.7291441217176,3100,0,0,-0.21055459754696745,39.66296234259816,14.874000157870585,22.984539077729213
2020-08-12,0.013996549490237653,0.041991948470712956,103.76014845152399,47.029947464528234,False,3467.3444330715856,3978.243467899662,2440.4890788006664,1220.096496633131,3660.585575433797,3100,0,0,-0.21055459754696745,39.66296234259816,14.874000157870585,22.984539077729213
2020-08-13,-0.002047174350497949,-0.006139223051493847,103.54773333701017,47.318674802113016,False,3560.0414570488097,4053.206221591928,2505.3496699513403,1242.421875404409,3747.7715453557494,3200,0,0,-0.21055459754696745,39.66296234259816,14.874000157870585,22.984539077729213
2020-08-14,-0.00017188262276812694,-0.0005133478683043808,103.52993528102252,47.342965742953666,False,3559.4295477860087,4051.125516818276,2504.919043879118,1241.7840807831356,3746.7031246622537,3200,0,0,-0.21055459754696745,39.66296234259816,14.874000157870585,22.984539077729213
2020-08-17,0.0027098425110787527,0.008131827533236258,103.81048510081628,46.95798091062006,False,3569.075041289789,4084.068570836535,2511.7069799910323,1251.8820547615824,3763.5890347526147,3200,0,0,-0.21055459754696745,39.66296234259816,14.874000157870585,22.984539077729213
2020-08-18,0.002303389154016955,0.006912467462050865,104.04960104627072,46.633385395491786,False,3577.2960100297687,4112.299561945227,2517.4924186068124,1260.5356487314473,3778.0280673382595,3200,0,0,-0.21055459754696745,39.66296234259816,14.874000157870585,22.984539077729213
2020-08-19,-0.0044043954214108005,-0.013210886264232401,103.5913254598229,47.24945374606775,False,3561.5401838621624,4057.9724401479157,2506.404386524864,1243.8828556440458,3750.28724216891,3200,0,0,-0.21055459754696745,39.66296234259816,14.874000157870585,22.984539077729213
2020-08-20,0.0031586327691348615,0.009478198307404585,103.9185324150184,46.801614053545975,False,3673.1056446724133,4197.382527492361,2584.5423018466845,1285.9569699702429,3870.4992718169274,3300,0,0,-0.21055459754696745,39.66296234259816,14.874000157870585,22.984539077729213
2020-08-21,0.0034411070444764214,0.010325621133429264,104.27612720896337,46.31835831839608,False,3685.7451943814017,4240.723109223323,2593.4359885683166,1299.2352744360483,3892.671263004365,3300,0,0,-0.21055459754696745,39.66296234259816,14.874000157870585,22.984539077729213
2020-08-24,0.010043718303008653,0.03013345490902596,105.3234472563789,44.92262615654858,False,3722.7637808504364,4368.510747816768,2619.4837290743817,1338.385721994483,3957.8694510688647,3300,0,0,-0.21055459754696745,39.66296234259816,14.874000157870585,22.984539077729213
2020-08-25,0.0035963511532906,0.0107913534598718,105.70222735738793,44.43785021934759,False,3736.1521466671265,4415.652891389708,2628.9043124044642,1352.828715386171,3981.7330277906353,3300,0,0,-0.21055459754696745,39.66296234259816,14.874000157870585,22.984539077729213
2020-08-26,0.010195626139483993,0.03058917841845198,106.77992774963458,43.07853289045552,False,3774.244557154775,4550.724085518382,2655.7076379302175,1394.210634330724,4049.918272260941,3300,0,0,-0.21055459754696745,39.66296234259816,14.874000157870585,22.984539077729213
2020-08-27,0.0016730440109038458,0.005021432032711538,106.95857526824086,42.86221696547717,False,3880.7263388078995,4674.077380416707,2730.2678667693317,1431.3622112312805,4161.630078000612,3400,0,0,-0.21055459754696745,39.66296234259816,14.874000157870585,22.984539077729213
2020-08-28,0.00673256535528588,0.02019999606585764,107.67868086654255,41.996400351400595,False,3906.853582509903,4768.4937251126385,2748.649573619793,1460.2757222669698,4208.925295886763,3400,0,0,-0.21055459754696745,39.66296234259816,14.874000157870585,22.984539077729213
2020-08-31,-0.0021949627140287475,-0.006582588142086242,107.4423301769447,42.27284535836403,False,3898.278184567124,4737.1046948621,2742.6163902917665,1450.6633286133988,4193.279718905165,3400,0,0,-0.21055459754696745,39.66296234259816,14.874000157870585,22.984539077729213
2020-09-01,0.007525003016613407,0.022577309049840222,108.25083403563818,41.31843826429214,False,3927.6127396655897,4844.0557715594505,2763.2545869021255,1483.4154029107735,4246.669989812899,3400,0,0,-0.21055459754696745,39.66296234259816,14.874000157870585,22.984539077729213
2020-09-02,0.015365910154807594,0.04610003046442278,109.91420662561278,39.4136570015659,False,3987.9640841461687,5067.366890199704,2805.7145086193236,1551.8008981763542,4357.515406795677,3400,0,0,-0.21055459754696745,39.66296234259816,14.874000157870585,22.984539077729213
2020-09-03,-0.03512584371534122,-0.10537523114602367,106.05337738158578,43.566880218415996,False,3944.3708966125223,4622.854409728601,2774.702610219622,1415.118262904033,4189.820873123655,3500,0,0,-0.21055459754696745,39.66296234259816,14.874000157870585,22.984539077729213
2020-09-04,-0.008133027264274895,-0.024396781792824684,105.1908423718729,44.62977188849882,False,3912.2912205699604,4510.071639434455,2752.135878240451,1380.593931432922,4132.729809673373,3500,0,0,-0.21055459754696745,39.66296234259816,14.874000157870585,22.984539077729213
2020-09-08,-0.027756342102360998,-0.083266726307083,102.27112936496367,48.345946889486,False,3803.700327047757,4134.53273860833,2675.746653291827,1265.6363944030772,3941.3830476949042,3500,0,0,-0.21055459754696745,39.66296234259816,14.874000157870585,22.984539077729213
2020-09-09,0.02014498633677464,0.060437259010323915,104.33137986866738,45.42405037522677,False,3880.3258181653196,4384.412564618266,2729.6495330630614,1342.1279889845084,4071.7775220475696,3500,0,0,-0.21055459754696745,39.66296234259816,14.874000157870585,22.984539077729213
2020-09-10,-0.01758479659017942,-0.05275208977053826,102.49673377570412,47.82026395836218,False,3812.091077949261,4153.1256394184475,2681.649201261669,1271.3279328260458,3952.977134087715,3500,0,0,-0.21055459754696745,39.66296234259816,14.874000157870585,22.984539077729213
2020-09-11,0.0005330721905940639,0.0016015165717821916,102.55137193410665,47.74367901316587,False,3914.1765049099868,4259.937090611847,2753.116028929132,1303.4120310757899,4056.528060004922,3600,0,0,-0.21055459754696745,39.66296234259816,14.874000157870585,22.984539077729213
2020-09-14,0.012741829089357504,0.03822778726807251,103.85806398817019,45.918543808455425,False,3964.0502729611285,4422.785059487129,2788.195762832918,1353.2385889224015,4141.434351755319,3600,0,0,-0.21055459754696745,39.66296234259816,14.874000157870585,22.984539077729213
2020-09-15,0.005219359577689042,0.015660378733067127,104.40013656916709,45.19944202154408,False,3984.740076719749,4492.047548573648,2802.748359092132,1374.4308177411276,4177.17917683326,3600,0,0,-0.21055459754696745,39.66296234259816,14.874000157870585,22.984539077729213
2020-09-16,-0.004618946596211537,-0.013854539788634612,103.91791791371692,45.82565948945565,False,3966.3347751055967,4429.812297079496,2789.802614098866,1355.3887112900077,4145.191325388873,3600,0,0,-0.21055459754696745,39.66296234259816,14.874000157870585,22.984539077729213
2020-09-17,-0.008412365876402483,-0.02523479762920745,103.04372236711276,46.98206073289704,False,3932.96851578911,4318.02688022732,2766.333773786122,1321.185751451692,4087.5195252378144,3600,0,0,-0.21055459754696745,39.66296234259816,14.874000157870585,22.984539077729213
2020-09-18,-0.011182581807410497,-0.03354544542223149,101.89142751200244,48.558094887036404,False,3987.8695154345874,4269.822200642703,2804.6162393276372,1305.8596235710725,4110.475862898709,3700,0,0,-0.21055459754696745,39.66296234259816,14.874000157870585,22.984539077729213
2020-09-21,-0.011571097930805796,-0.03471099379241739,100.71243182595147,50.24359461723195,False,3941.7254867362185,4121.612428741469,2772.163750164049,1260.5319382835285,4032.6956884475776,3700,0,0,-0.21055459754696745,39.66296234259816,14.874000157870585,22.984539077729213
2020-09-22,0.010517945160813724,0.03155613548244117,101.77171966090901,48.65810093836572,False,3983.1843392446917,4251.6745889489475,2801.32121646507,1300.3094549079476,4101.630671373017,3700,0,0,-0.21055459754696745,39.66296234259816,14.874000157870585,22.984539077729213
2020-09-23,-0.023721455093028143,-0.07116206527908443,99.3575463832325,52.120711893697994,False,3888.6974108140457,3949.116644304738,2734.8698010275466,1207.7767485947775,3942.646549622324,3700,0,0,-0.21055459754696745,39.66296234259816,14.874000157870585,22.984539077729213
2020-09-24,0.0029874591429570607,0.008964677428871182,99.65437299359688,51.65346652420786,False,3900.3147354481757,3984.5192011499166,2743.0401128194235,1218.6040775520205,3961.644190371444,3700,0,0,-0.21055459754696745,39.66296234259816,14.874000157870585,22.984539077729213
2020-09-25,0.0159767237756141,0.047932471326842294,101.24652338394759,49.17758822110426,False,4064.22665899195,4280.300300642972,2857.9832776716617,1308.452756697861,4166.4360343695225,3800,0,0,-0.21055459754696745,39.66296234259816,14.874000157870585,22.984539077729213
2020-09-28,0.016110590199083896,0.048334070597251685,102.87766463126835,46.80063520022283,False,4129.703749171161,4487.184637551687,2904.0270750540644,1371.695604613264,4275.7226796673285,3800,0,0,-0.21055459754696745,39.66296234259816,14.874000157870585,22.984539077729213
2020-09-29,-0.0048126645432444715,-0.014435693629733414,102.38254894240566,47.47623483165016,False,4109.828870363421,4422.409014863944,2890.05096691733,1351.894227111815,4241.945194029145,3800,0,0,-0.21055459754696745,39.66296234259816,14.874000157870585,22.984539077729213
2020-09-30,0.008253718228220741,0.024763454684662223,103.2275856528633,46.30055924179821,True,4143.750239825607,4531.923140100569,3009.493502264772,1289.7829295420452,4299.276431806817,3800,0,0,-0.21055459754696745,39.66296234259816,14.874000157870585,22.984539077729213
2020-10-01,0.005292907769290922,0.015881023307872767,103.77395974297048,45.565258981311665,False,4165.6827276639815,4603.894717117994,3025.4224738045395,1310.2660023081987,4335.6884761127385,3800,0,0,-0.21055459754696745,39.66296234259816,14.874000157870585,22.984539077729213
2020-10-02,-0.009577652178616392,-0.028730656535849174,102.78004885135456,46.87437878707075,False,4224.827502194084,4568.748733619682,3065.775594004567,1301.7592801292062,4367.534874133773,3900,0,0,-0.21055459754696745,39.66296234259816,14.874000157870585,22.984539077729213
2020-10-05,0.01797270867614209,0.05392042602842627,104.62728472707961,44.34689231305406,False,4300.759096097971,4815.097611753288,3120.875885622038,1371.9506951002306,4492.826580722269,3900,0,0,-0.21055459754696745,39.66296234259816,14.874000157870585,22.984539077729213
2020-10-06,-0.013973515692226712,-0.04191824707668014,103.16527372211068,46.20583630211559,False,4240.66237138016,4613.2571603654815,3077.2662774608066,1314.440926885996,4391.707204346802,3900,0,0,-0.21055459754696745,39.66296234259816,14.874000157870585,22.984539077729213
2020-10-07,0.01739675486921799,0.052192564607653966,104.96001470007002,43.794235205666745,False,4314.436135138178,4854.034882759579,3130.800724557103,1383.044969885438,4513.845694442541,3900,0,0,-0.21055459754696745,39.66296234259816,14.874000157870585,22.984539077729213
2020-10-08,0.008010123642494982,0.024032670927484946,105.80075739533568,42.74174276244808,False,4348.995302028283,4970.690305767473,3155.8788254608185,1416.283234524608,4572.162059985427,3900,0,0,-0.21055459754696745,39.66296234259816,14.874000157870585,22.984539077729213
2020-10-09,0.00879353312061526,0.02638289936184578,106.73111985967773,41.61409166459651,False,4488.11768957013,5204.469817799623,3254.2456977556,1484.4403795497954,4738.686077305395,4000,0,0,-0.21055459754696745,39.66296234259816,14.874000157870585,22.984539077729213
2020-10-12,0.01641581296364758,0.04924973889094274,108.48319796069485,39.56460851593137,False,4561.793790120952,5460.788597392047,3307.6667864677106,1557.5486806417948,4865.215467109505,4000,0,0,-0.21055459754696745,39.66296234259816,14.874000157870585,22.984539077729213
2020-10-13,-0.006306918994084421,-0.01891845698225326,107.79900321893754,40.31310986015971,False,4533.022926218941,5357.4789032231065,3286.8055999860353,1528.0822629293077,4814.887862915343,4000,0,0,-0.21055459754696745,39.66296234259816,14.874000157870585,22.984539077729213
2020-10-14,-0.006623141753502759,-0.019867125260508278,107.08503513973223,41.114015463392136,False,4503.000072806715,5251.041198772243,3265.036620581121,1497.7236612033303,4762.760281784451,4000,0,0,-0.21055459754696745,39.66296234259816,14.874000157870585,22.984539077729213
2020-10-15,-0.0015277553060997207,-0.004580965918299162,106.92143540909362,41.30235736699436,False,4496.120590552117,5226.986358005082,3260.0484435594185,1490.8626401563276,4750.911083715746,4000,0,0,-0.21055459754696745,39.66296234259816,14.874000157870585,22.984539077729213
2020-10-16,0.00013491955745537076,0.0004070586723661123,106.9358612018415,41.28554488423896,False,4596.740697108206,5329.1547539996845,3330.4977322217287,1521.481720483481,4851.97945270521,4100,0,0,-0.21055459754696745,39.66296234259816,14.874000157870585,22.984539077729213
2020-10-19,-0.016329861778318078,-0.048987285334954236,105.18961336927003,43.30801165169223,False,4521.67655689366,5068.093929471374,3276.111164601546,1446.9484613102397,4723.059625911786,4100,0,0,-0.21055459754696745,39.66296234259816,14.874000157870585,22.984539077729213
2020-10-20,0.004727334073110212,0.014184302219330636,105.68687981268788,42.69371772590633,False,4543.052032548647,5139.981305442951,3291.5984365372638,1467.4724155812596,4759.070852118523,4100,0,0,-0.21055459754696745,39.66296234259816,14.874000157870585,22.984539077729213
2020-10-21,-0.0021956999281005363,-0.006584799784301609,105.45482313828198,42.97484730917891,False,4533.076853527423,5106.135557651556,3284.3710740868232,1457.8094035356717,4742.180477622494,4100,0,0,-0.21055459754696745,39.66296234259816,14.874000157870585,22.984539077729213
2020-10-22,0.005218925396392127,0.01565907618917638,106.0051839929304,42.30190090094626,False,4556.734643442094,5186.092923381085,3301.5119616965508,1480.6373520549346,4782.149313751485,4100,0,0,-0.21055459754696745,39.66296234259816,14.874000157870585,22.984539077729213
2020-10-23,0.003445761353703114,0.010339584061109342,106.37045255922541,41.864516840636206,False,4672.780639710917,5340.748925517219,3383.1293873177124,1526.2567139423581,4909.38610126007,4200,0,0,-0.21055459754696745,39.66296234259816,14.874000157870585,22.984539077729213
2020-10-26,-0.018589516294535646,-0.05576624888360694,104.39307729811856,44.19914390616309,False,4585.9159078682205,5042.915391711969,3320.2386484456474,1441.1431021723724,4761.38175061802,4200,0,0,-0.21055459754696745,39.66296234259816,14.874000157870585,22.984539077729213
2020-10-27,-0.0030256189119989285,-0.009074556735996785,104.07722362916361,44.60023154522205,False,4572.040673968538,4997.153169875048,3310.1928715985605,1428.0653673270187,4738.2582389255795,4200,0,0,-0.21055459754696745,39.66296234259816,14.874000157870585,22.984539077729213
2020-10-28,-0.035287878760604796,-0.10586133628181439,100.40455917999734,49.32167165507759,False,4410.703056976982,4468.14785770717,3193.3831868713723,1276.8884592440004,4470.271646115372,4200,0,0,-0.21055459754696745,39.66296234259816,14.874000157870585,22.984539077729213
2020-10-29,0.011947330894238384,0.03584429268271515,101.60412567181089,47.55377122067221,False,4463.399185874915,4628.305457268473,3231.535592477022,1322.6576229003235,4554.193215377345,4200,0,0,-0.21055459754696745,39.66296234259816,14.874000157870585,22.984539077729213
2020-10-30,-0.012129550130175693,-0.03638635039052708,100.371713336042,49.28407940269855,False,4508.047206685842,4556.259678146861,3261.4894510015124,1303.439348675055,4564.928799676567,4300,0,0,-0.21055459754696745,39.66296234259816,14.874000157870585,22.984539077729213
2020-11-02,0.01231820260127181,0.03695690780381543,101.60811243635214,47.4626922240171,False,4563.578245513896,4724.644947002376,3301.66513884086,1351.6104365119043,4653.2755753527645,4300,0,0,-0.21055459754696745,39.66296234259816,14.874000157870585,22.984539077729213
2020-11-03,0.01779929009643455,0.05340017028930365,103.41666470575792,44.92817637686578,False,4644.806698583576,4976.941791728801,3360.4324344483734,1423.78666398644,4784.2190984348135,4300,0,0,-0.21055459754696745,39.66296234259816,14.874000157870585,22.984539077729213
2020-11-04,0.02204704770168342,0.06614344310505026,105.69669684567478,41.95647209886889,False,4747.210973432347,5306.133857967162,3434.520048628941,1517.9608161895565,4952.480864818497,4300,0,0,-0.21055459754696745,39.66296234259816,14.874000157870585,22.984539077729213
2020-11-05,0.01946019413896294,0.05838288241688881,107.75357508613872,39.50693232169316,False,4839.592620593955,5615.921247085132,3501.3564755494203,1606.5837440345958,5107.940219584016,4300,0,0,-0.21055459754696745,39.66296234259816,14.874000157870585,22.984539077729213
2020-11-06,-0.00028771518741854685,-0.0008608455622556405,107.72257274608779,39.540941689060624,False,4938.17142477735,5711.000721645376,3570.3289420517194,1635.1748981812839,5205.503840233003,4400,0,0,-0.21055459754696745,39.66296234259816,14.874000157870585,22.984539077729213
2020-11-09,0.01169988923568721,0.03510196770706163,108.98291491540026,38.15297683078441,False,4995.94748347408,5911.468084551578,3612.101395208693,1692.5727546526412,5304.674149861334,4400,0,0,-0.21055459754696745,39.66296234259816,14.874000157870585,22.984539077729213
2020-11-10,-0.0013997945931910616,-0.0041970837795731845,108.83036122035148,38.313108070983326,False,4988.954183198847,5886.657157740442,3607.045195205622,1685.468884998341,5292.514080203963,4400,0,0,-0.21055459754696745,39.66296234259816,14.874000157870585,22.984539077729213
2020-11-11,0.007651855318760337,0.02295786595628101,109.66311539869804,37.43352087152118,False,5027.128938800609,6021.802243698429,3634.645783167565,1724.1636537336153,5358.80943690118,4400,0,0,-0.21055459754696745,39.66296234259816,14.874000157870585,22.984539077729213
2020-11-12,-0.009978532303877019,-0.029933296911631057,108.56883845914834,38.554029566216165,False,4976.965570289032,5841.549849194678,3598.377352807077,1672.5537511621644,5270.931103969241,4400,0,0,-0.21055459754696745,39.66296234259816,14.874000157870585,22.984539077729213
2020-11-13,0.013610335409063534,0.0408333062271906,110.04649676554979,36.979741070646696,False,5146.064774560933,6184.162973650963,3718.305198985794,1772.0746498516212,5490.379848837415,4500,0,0,-0.21055459754696745,39.66296234259816,14.874000157870585,22.984539077729213
2020-11-16,0.011648051240012336,0.034946453720037005,111.32832399865875,35.68743026074239,False,5206.006400739441,6400.277538806823,3761.6162084695848,1834.0023745911117,5595.618583060696,4500,0,0,-0.21055459754696745,39.66296234259816,14.874000157870585,22.984539077729213
2020-11-17,-0.004791925698091615,-0.014373477094274844,110.79484694196411,36.2003827221487,False,5181.059604883309,6308.283296205782,3743.590823093861,1807.6413834690807,5551.232206562941,4500,0,0,-0.21055459754696745,39.66296234259816,14.874000157870585,22.984539077729213
2020-11-18,-0.011563829610944043,-0.03468918883283213,109.51363421015661,37.45614463421812,False,5121.146714408293,6089.454065732699,3700.30057668251,1744.9357701758797,5445.23634685839,4500,0,0,-0.21055459754696745,39.66296234259816,14.874000157870585,22.984539077729213
2020-11-19,0.003946442467421596,0.011841627402264788,109.94582346696524,37.01260292553437,False,5141.35702528393,6161.563111862312,3714.903600020554,1765.5986494071865,5480.502249427741,4500,0,0,-0.21055459754696745,39.66296234259816,14.874000157870585,22.984539077729213
2020-11-20,-0.006792562915180156,-0.020375388745540467,109.19900954380459,37.766749098626455,False,5205.754777928767,6133.981329303381,3759.1944041895226,1759.0126288945476,5518.207033084071,4600,0,0,-0.21055459754696745,39.66296234259816,14.874000157870585,22.984539077729213
2020-11-23,0.005635930617216234,0.0169100918516487,109.8144475850622,37.12810990243051,False,5235.094050667415,6237.7075169982,3780.380963028162,1788.7576940173644,5569.138657045527,4600,0,0,-0.21055459754696745,39.66296234259816,14.874000157870585,22.984539077729213
2020-11-24,0.016161668273416252,0.04848730482024875,111.58923225856043,35.32786792019167,False,5319.701904094437,6540.157142754449,3841.4782260997613,1875.4897335767496,5716.967959676511,4600,0,0,-0.21055459754696745,39.66296234259816,14.874000157870585,22.984539077729213
2020-11-25,-0.001584418237524976,-0.004750954712574928,111.41242824385856,35.49570902077233,False,5311.273271379393,6509.085152356099,3835.391717939274,1866.5793667886273,5701.971084727901,4600,0,0,-0.21055459754696745,39.66296234259816,14.874000157870585,22.984539077729213
2020-11-27,0.002396979198154181,0.007193237594462543,111.67948151677494,35.240379952202005,False,5324.004282926602,6555.906548379585,3844.585072103947,1880.0061156628594,5724.591187766806,4600,0,0,-0.21055459754696745,39.66296234259816,14.874000157870585,22.984539077729213
2020-11-30,-0.004595548640170977,-0.01378434592051293,111.16625302735552,35.72614553983347,False,5399.078007419917,6564.159230102114,3896.595405999006,1883.6779306542674,5780.273336653273,4700,0,0,-0.21055459754696745,39.66296234259816,14.874000157870585,22.984539077729213
