Date,SPY Daily Return,UPRO Mimic,UPRO Daily Return
2020-01-02,,,
2020-01-03,-0.0075724244108190675,-0.022717273232457202,-0.021696850442471494
2020-01-06,0.0038152035275496043,0.011445610582648813,0.01037825567996653
2020-01-07,-0.002811780304258993,-0.008435340912776979,-0.008724007417005852
2020-01-08,0.005329482235448824,0.01598844670634647,0.015472157369672335
2020-01-09,0.0067809103566542905,0.02034273106996287,0.020408234587069973
2020-01-10,-0.002877965755461509,-0.008633897266384527,-0.008493358640274895
2020-01-13,0.0068772569776509584,0.020631770932952875,0.020171391358498214
2020-01-14,-0.0015246096770150652,-0.004573829031045196,-0.004740062618176166
2020-01-15,0.0022598997977842927,0.006779699393352878,0.0069398345674926976
2020-01-16,0.008318495061911957,0.02495548518573587,0.024324152826680878
2020-01-17,0.0031125612670563907,0.009337683801169172,0.009366928360561744
2020-01-21,-0.0019582771825475964,-0.005874831547642789,-0.00562022468031953
2020-01-22,0.00012050968964238962,0.00036152906892716885,0.0005257951830588414
2020-01-23,0.0011472288586424906,0.0034416865759274717,0.002101972830674592
2020-01-24,-0.00889337044063454,-0.02668011132190362,-0.026874709816862907
2020-01-27,-0.016029494541368483,-0.04808848362410545,-0.047824157151462376
2020-01-28,0.010479454992891712,0.03143836497867514,0.03098465844770293
2020-01-29,-0.0008259447407843457,-0.002477834222353037,-0.002607438216344571
2020-01-30,0.0032451406507174596,0.009735421952152379,0.008668137245416707
2020-01-31,-0.01815781585607179,-0.05447344756821537,-0.05374442015134662
2020-02-03,0.007428527495197956,0.02228558248559387,0.021911504767645473
2020-02-04,0.015241333170038951,0.04572399951011685,0.04556352590232904
2020-02-05,0.011547986724082193,0.03464396017224658,0.033863798503346976
2020-02-06,0.003365060748596216,0.010095182245788648,0.01030961785786455
2020-02-07,-0.005329813914252246,-0.015989441742756738,-0.015370653143263802
2020-02-10,0.00746538092047877,0.02239614276143631,0.02190721107966076
2020-02-11,0.0017330268254516223,0.005199080476354867,0.00513460704083557
2020-02-12,0.00644269319272861,0.01932807957818583,0.018774023319027444
2020-02-13,-0.0010667625962232918,-0.0032002877886698755,-0.003760949398046387
2020-02-14,0.001601852690870098,0.004805558072610294,0.004907721292081835
2020-02-18,-0.0025769591920403734,-0.00773087757612112,-0.007888808643633616
2020-02-19,0.004781430614016147,0.01434429184204844,0.014262277154076575
2020-02-20,-0.004108453395931688,-0.012325360187795065,-0.013066142637775835
2020-02-21,-0.010298025566746305,-0.030894076700238915,-0.030765496406429782
2020-02-24,-0.03316561450127975,-0.09949684350383925,-0.10003897854858523
2020-02-25,-0.030301917228890085,-0.09090575168667026,-0.09063314452886995
2020-02-26,-0.0036783805220433896,-0.011035141566130169,-0.010967927504015429
2020-02-27,-0.04491183726557291,-0.13473551179671872,-0.1361299356759612
2020-02-28,-0.004201558820996487,-0.012604676462989461,-0.006697656488875325
2020-03-02,0.043306623625213314,0.12991987087563994,0.12118376932677255
2020-03-03,-0.028632436268290373,-0.08589730880487112,-0.08503189019737645
2020-03-04,0.042033025808364766,0.1260990774250943,0.1257989608311354
2020-03-05,-0.03324144251458583,-0.09972432754375748,-0.10038935059134346
2020-03-06,-0.01653139966985795,-0.04959419900957385,-0.049936786203842565
2020-03-09,-0.07809437985242063,-0.23428313955726188,-0.23358631401775998
2020-03-10,0.05174478534095228,0.15523435602285685,0.15795987985524995
2020-03-11,-0.048748341332170986,-0.14624502399651296,-0.14731665977997843
2020-03-12,-0.09567716616544786,-0.2870314984963436,-0.2901203911234823
2020-03-13,0.08548616813706866,0.256458504411206,0.27764042800325517
2020-03-16,-0.10942376696704081,-0.32827130090112244,-0.34946093192937167
2020-03-17,0.053992315867364526,0.16197694760209358,0.18657045921727167
2020-03-18,-0.050633039520150525,-0.15189911856045157,-0.15329504073974887
2020-03-19,0.002125006304896093,0.00637501891468828,-0.006345242464508183
2020-03-20,-0.04309446810785933,-0.129283404323578,-0.1358023736646785
2020-03-23,-0.025567929530539546,-0.07670378859161864,-0.08226622404623596
2020-03-24,0.09060328265883633,0.271809847976509,0.2796566437029957
2020-03-25,0.01497013116293533,0.04491039348880599,0.03897726884483732
2020-03-26,0.05838988295553049,0.17516964886659148,0.17442334620739963
2020-03-27,-0.029785723467594005,-0.08935717040278202,-0.09028256379541422
2020-03-30,0.03247564199762709,0.09742692599288127,0.09772725813307592
2020-03-31,-0.01490523780839903,-0.04471571342519709,-0.04658396578035329
2020-04-01,-0.045004975323307495,-0.13501492596992248,-0.13355024624500433
2020-04-02,0.0230755130009892,0.0692265390029676,0.06850443325600075
2020-04-03,-0.014454208826070847,-0.04336262647821254,-0.0430024568980194
2020-04-06,0.06716597370786404,0.2014979211235921,0.20220595170919586
2020-04-07,0.0010198245167931663,0.003059473550379499,0.0
2020-04-08,0.03356813457317975,0.10070440371953926,0.10159707174491128
2020-04-09,0.015217255728637857,0.04565176718591357,0.045342279076485026
2020-04-13,-0.009130214078965748,-0.027390642236897245,-0.029211867541834025
2020-04-14,0.029493209360128336,0.08847962808038501,0.09088113564698674
2020-04-15,-0.02124811668886606,-0.06374435006659818,-0.06436320130859252
2020-04-16,0.004824259050710822,0.014472777152132466,0.014592043562704049
2020-04-17,0.027015433133507738,0.08104629940052321,0.08159681035080335
2020-04-20,-0.017617961010670924,-0.05285388303201277,-0.053731643192091005
2020-04-21,-0.030363306630295628,-0.09108991989088688,-0.0923428905821636
2020-04-22,0.022194581869792174,0.06658374560937652,0.06761457602103893
2020-04-23,-7.198257180407452e-05,-0.00021594771541222357,-0.0011836783181456978
2020-04-24,0.01393886253038601,0.04181658759115803,0.04237019909662254
2020-04-27,0.014418381321224416,0.04325514396367325,0.04405933245449822
2020-04-28,-0.004598254092765375,-0.013794762278296124,-0.014702018965226715
2020-04-29,0.026178435968945202,0.0785353079068356,0.07736943511405658
2020-04-30,-0.009310520496626395,-0.027931561489879186,-0.02795565740508721
2020-05-01,-0.02647342025357502,-0.07942026076072506,-0.08021132646337581
2020-05-04,0.0027583481926458653,0.008275044577937596,0.010613987339727293
2020-05-05,0.009238976542683686,0.027716929628051057,0.026681840823784997
2020-05-06,-0.006778791058614564,-0.02033637317584369,-0.019905974841649132
2020-05-07,0.012066962751097643,0.03620088825329293,0.03554291854245806
2020-05-08,0.016546075357720902,0.049638226073162706,0.04903311625270246
2020-05-11,0.00020531636675902298,0.000615949100277069,0.0015579504961356072
2020-05-12,-0.019931781165861695,-0.059795343497585085,-0.06144700694667371
2020-05-13,-0.01768563390947142,-0.05305690172841426,-0.051657216604721334
2020-05-14,0.011967296408351702,0.035901889225055106,0.03641131284813137
2020-05-15,0.004597252566777454,0.013791757700332363,0.011804388733961835
2020-05-18,0.03045918563226535,0.09137755689679605,0.0924999169148486
2020-05-19,-0.010271037174315545,-0.030813111522946635,-0.03076532058129322
2020-05-20,0.016987927043957685,0.050963781131873054,0.050367341522468356
2020-05-21,-0.006904085093669798,-0.020712255281009395,-0.021728189103445428
2020-05-22,0.0018991395529683874,0.005697418658905162,0.0053611975652789745
2020-05-26,0.01232062140936474,0.03696186422809422,0.0383444084208997
2020-05-27,0.014879105698628159,0.04463731709588448,0.04377592502826366
2020-05-28,-0.0018449100093298476,-0.005534730027989543,-0.004920384569061853
2020-05-29,0.004455775257206529,0.013367325771619587,0.01177303791801143
2020-06-01,0.004041728410383083,0.01212518523114925,0.013264924093932207
2020-06-02,0.00828019318102502,0.02484057954307506,0.025264102904919428
2020-06-03,0.013308425952626823,0.03992527785788047,0.04032253840233446
2020-06-04,-0.0026267484754871617,-0.007880245426461485,-0.009689598030006907
2020-06-05,0.02562961890658899,0.07688885671976697,0.07697296872227444
2020-06-08,0.012087283932599613,0.03626185179779884,0.03755312852646031
2020-06-09,-0.007456659817217326,-0.022369979451651978,-0.02179425743524821
2020-06-10,-0.005580167762905375,-0.016740503288716124,-0.017306481137215446
2020-06-11,-0.05764890140792078,-0.17294670422376235,-0.1746962369665248
2020-06-12,0.011975822471882225,0.035927467415646674,0.03654625606582318
2020-06-15,0.00933569065445683,0.02800707196337049,0.02815919865803629
2020-06-16,0.01924773139977254,0.057743194199317616,0.0573072615406196
2020-06-17,-0.004153993621810126,-0.012461980865430378,-0.013060638910914468
2020-06-18,0.00038478583795575894,0.0011543575138672768,0.0013234336109848588
2020-06-19,-0.005714649146903228,-0.017143947440709684,-0.01762105726515273
2020-06-22,0.006415247029672333,0.019245741089017,0.021300389164830458
2020-06-23,0.004603392289077579,0.013810176867232737,0.012733125496555475
2020-06-24,-0.025508362361180148,-0.07652508708354044,-0.07565573016386207
2020-06-25,0.010720682327361342,0.032162046982084025,0.030487826055325407
2020-06-26,-0.02375184186174173,-0.07125552558522519,-0.07146106460414936
2020-06-29,0.01469763060727769,0.04409289182183307,0.044607795893068625
2020-06-30,0.01280955500271852,0.03842866500815556,0.0408261161615211
2020-07-01,0.007004979156285618,0.021014937468856854,0.018485033561551623
2020-07-02,0.005506796571336459,0.016520389714009376,0.01593614878948868
2020-07-06,0.015437252764292309,0.046311758292876926,0.04662320533517805
2020-07-07,-0.010313796310511436,-0.030941388931534308,-0.031640359258489514
2020-07-08,0.007648728876921584,0.022946186630764753,0.02321570971801168
2020-07-09,-0.005692899726893241,-0.017078699180679724,-0.017016645023542942
2020-07-10,0.010210308348130859,0.030630925044392576,0.03077551854671068
2020-07-13,-0.008658637606258401,-0.025975912818775204,-0.026124752902786263
2020-07-14,0.012958811363630085,0.038876434090890255,0.038322459689303034
2020-07-15,0.00918730239342902,0.02756190718028706,0.027886025391351543
2020-07-16,-0.003293235469160938,-0.009879706407482813,-0.009974163573483907
2020-07-17,0.002898820358873566,0.008696461076620698,0.008664277333514159
2020-07-20,0.00808148788195684,0.024244463645870518,0.02397107480705163
2020-07-21,0.0021273743356835517,0.006382123007050655,0.006047735347506578
2020-07-22,0.0056922932593557185,0.017076879778067156,0.01764570967377499
2020-07-23,-0.011931705179015317,-0.03579511553704595,-0.03620410335894897
2020-07-24,-0.006440367680888515,-0.019321103042665544,-0.018584522659929936
2020-07-27,0.007292581633603135,0.021877744900809404,0.020749519136408212
2020-07-28,-0.006342760842975581,-0.019028282528926743,-0.018354001373810047
2020-07-29,0.012298995570570126,0.03689698671171038,0.03638910169752596
2020-07-30,-0.0035679268900579153,-0.010703780670173746,-0.010669280796322678
2020-07-31,0.007902022419383758,0.023706067258151275,0.023725491199958926
2020-08-03,0.006952409839244611,0.020857229517733833,0.020302746385074233
2020-08-04,0.0038626007981188426,0.011587802394356528,0.011263190569634762
2020-08-05,0.00621102186081357,0.01863306558244071,0.018934512110947432
2020-08-06,0.0066844254461244645,0.020053276338373394,0.0204043597289727
2020-08-07,0.0007179367244447565,0.0021538101733342696,0.001964163018085552
2020-08-10,0.0029888687060128927,0.008966606118038678,0.00890921785129617
2020-08-11,-0.008254889514203056,-0.02476466854260917,-0.023843055490262666
2020-08-12,0.013942461599615319,0.04182738479884596,0.040528357348508015
2020-08-13,-0.001807649537892253,-0.005422948613676759,-0.004347179964278469
2020-08-14,2.9884809483959884e-05,8.965442845187965e-05,-0.0006983025395072007
2020-08-17,0.0031763711150547547,0.009529113345164264,0.00978667683023171
2020-08-18,0.00216030042215265,0.00648090126645795,0.005711238985296685
2020-08-19,-0.004163620645084132,-0.012490861935252395,-0.011529768093515025
2020-08-20,0.003113384626731719,0.009340153880195157,0.00905287631517071
2020-08-21,0.003547576574591149,0.010642729723773448,0.010351999866598405
2020-08-24,0.010133169784444895,0.030399509353334686,0.03056676900466382
2020-08-25,0.003499289915435577,0.010497869746306732,0.010107868842254009
2020-08-26,0.010025600912804578,0.030076802738413733,0.030511913776751776
2020-08-27,0.00218648930106613,0.0065594679031983905,0.0062080251085365745
2020-08-28,0.006459581101376566,0.019378743304129697,0.019617093666350893
2020-08-31,-0.00362280214678401,-0.01086840644035203,-0.011326418388811765
2020-09-01,0.009418730242274576,0.028256190726823727,0.028562306904512003
2020-09-02,0.014464090629343618,0.04339227188803085,0.04317992079631816
2020-09-03,-0.034414390272375694,-0.10324317081712708,-0.10370053445210192
2020-09-04,-0.00816478218363248,-0.02449434655089744,-0.023498667285327124
2020-09-08,-0.027322824957957126,-0.08196847487387138,-0.0822193274335914
2020-09-09,0.019747351310896555,0.059242053932689664,0.05772031391533061
2020-09-10,-0.017363763974748148,-0.05209129192424444,-0.051815980532075256
2020-09-11,0.0005093059444669645,0.0015279178334008936,0.0012707493522610136
2020-09-14,0.013171157688996127,0.03951347306698838,0.03989123866813293
2020-09-15,0.005052305105810007,0.01515691531743002,0.014995649594029992
2020-09-16,-0.0039684907144629245,-0.011905472143388773,-0.0115100938356415
2020-09-17,-0.008795385362466157,-0.02638615608739847,-0.026068803256107942
2020-09-18,-0.011512399984762167,-0.0345371999542865,-0.034974938672332034
2020-09-21,-0.011129831404871338,-0.03338949421461401,-0.0330992134711221
2020-09-22,0.010184357423645096,0.03055307227093529,0.029642442651692358
2020-09-23,-0.023190943112453177,-0.06957282933735953,-0.069465243780931
2020-09-24,0.002665313811155201,0.007995941433465603,0.008183790731680185
2020-09-25,0.016167217777511178,0.048501653332533534,0.04751549313422743
2020-09-28,0.016609410366030364,0.04982823109809109,0.0508408710089443
2020-09-29,-0.005446208577130074,-0.01633862573139022,-0.016367064788500252
2020-09-30,0.007582041230018932,0.022746123690056796,0.022307771021474965
2020-10-01,0.006420077910491484,0.019260233731474452,0.01860129337265004
2020-10-02,-0.009494317390706497,-0.02848295217211949,-0.027568102847084663
2020-10-05,0.017732974406037272,0.053198923218111815,0.05200427575073707
2020-10-06,-0.014215990183224947,-0.04264797054967484,-0.04188109599267398
2020-10-07,0.017406338777551822,0.052219016332655466,0.051952647139194674
2020-10-08,0.008862588870996113,0.02658776661298834,0.025715242557345253
2020-10-09,0.008930364773687582,0.026791094321062747,0.027229090536392775
2020-10-12,0.016087458784803443,0.04826237635441033,0.04816546556401646
2020-10-13,-0.006525996571727366,-0.019577989715182098,-0.01912111223622104
2020-10-14,-0.006283438847085376,-0.01885031654125613,-0.018078848349067367
2020-10-15,-0.0012357436096931407,-0.003707230829079422,-0.004803057724419246
2020-10-16,-0.000604303500893133,-0.001812910502679399,-0.0020914598482529856
2020-10-19,-0.015203330046596686,-0.04560999013979006,-0.04530065948161255
2020-10-20,0.00400554031342093,0.01201662094026279,0.011144925490459201
2020-10-21,-0.0018928699825218054,-0.005678609947565416,-0.005343942685547609
2020-10-22,0.005485172661160442,0.016455517983481327,0.01746128856012752
2020-10-23,0.00339532442297652,0.01018597326892956,0.008910848428373086
2020-10-26,-0.018479960424336528,-0.055439881273009584,-0.05479217346452514
2020-10-27,-0.0034475457130000997,-0.010342637139000299,-0.010382518525472006
2020-10-28,-0.03417876114589258,-0.10253628343767773,-0.10264029276831621
2020-10-29,0.010163526904426234,0.030490580713278703,0.029812922193234836
2020-10-30,-0.010425185496498623,-0.03127555648949587,-0.031788239060925316
2020-11-02,0.011208514299133387,0.03362554289740016,0.03439533901245029
2020-11-03,0.017655877437194878,0.052967632311584634,0.052333259729428816
2020-11-04,0.022349387855512992,0.06704816356653898,0.06660683567766612
2020-11-05,0.01950281665928899,0.05850844997786697,0.05857597176784046
2020-11-06,-0.0002283615222378188,-0.0006850845667134564,0.000317956689229959
2020-11-09,0.012565431099192503,0.03769629329757751,0.03767286071115539
2020-11-10,-0.0014663103008139,-0.0043989309024417,-0.004442266092401614
2020-11-11,0.0074284613900517105,0.02228538417015513,0.021387991106406545
2020-11-12,-0.00970073450322606,-0.02910220350967818,-0.028924591201075822
2020-11-13,0.013844325777690347,0.04153297733307104,0.04142113719390994
2020-11-16,0.012482626766912697,0.03744788030073809,0.036347387624037886
2020-11-17,-0.005378410589800153,-0.01613523176940046,-0.014661521251167264
2020-11-18,-0.012034600788895955,-0.036103802366687865,-0.036907496179595434
2020-11-19,0.004210119446332872,0.012630358338998615,0.012875012558612342
2020-11-20,-0.0068480272373512285,-0.020544081712053686,-0.020487594730502545
2020-11-23,0.005994702685974795,0.017984108057924386,0.01816823520675981
2020-11-24,0.01611354905767559,0.048340647173026774,0.04783289307016192
2020-11-25,-0.0015417618451207815,-0.0046252855353623445,-0.004722539115428526
2020-11-27,0.0027848965290726557,0.008354689587217967,0.007764275858730185
2020-11-30,-0.004427025272907281,-0.013281075818721844,-0.012983102061750018
2020-12-01,0.010937586954504086,0.03281276086351226,0.032812818988637193
2020-12-02,0.002103605695207289,0.006310817085621867,0.005738553029389859
2020-12-03,-0.0002727262627190141,-0.0008181787881570424,-0.0005568601504412074
2020-12-04,0.008617696198845115,0.025853088596535345,0.025480399408926102
2020-12-07,-0.0020548886745106465,-0.0061646660235319395,-0.005023598286543307
2020-12-08,0.0029261777593840854,0.008778533278152256,0.008187638578160072
2020-12-09,-0.008968725053079551,-0.026906175159238654,-0.026664593248534207
2020-12-10,-0.00032725320043847095,-0.0009817596013154128,-0.0019471131803433517
2020-12-11,-0.001172747217238812,-0.003518241651716436,-0.0037621625190784602
2020-12-14,-0.004476911260564154,-0.013430733781692461,-0.013006684573591332
2020-12-15,0.013519247224701658,0.040557741674104975,0.040243449198673176
2020-12-16,0.0015694437054938337,0.004708331116481501,0.004904118115040879
2020-12-17,0.005592041833547334,0.016776125500642003,0.016809056906789577
2020-12-18,-0.003993030138871534,-0.011979090416614602,-0.01159856441774787
2020-12-21,-0.0035755792880716175,-0.010726737864214853,-0.00998089795386281
2020-12-22,-0.0016854294570907147,-0.005056288371272144,-0.006675812410382731
2020-12-23,0.0008985951153326344,0.002695785345997903,0.0029772518714459295
2020-12-24,0.003890620691818336,0.011671862075455008,0.011627869795655776
2020-12-28,0.008590672253792064,0.025772016761376193,0.02542268592153918
2020-12-29,-0.0019076807470397306,-0.005723042241119192,-0.005934549190855343
2020-12-30,0.0014266894795955665,0.004280068438786699,0.003980054455198889
2020-12-31,0.005080837766844981,0.015242513300534943,0.015591900875999487
2021-01-04,-0.013613977264730348,-0.040841931794191044,-0.04098362483750129
2021-01-05,0.006887402483188421,0.020662207449565262,0.019807502955740297
2021-01-06,0.005978478725465308,0.017935436176395925,0.018757348831732745
2021-01-07,0.014857458541435165,0.044572375624305494,0.04400616598697771
2021-01-08,0.005697767547530486,0.017093302642591457,0.017135670629945476
2021-01-11,-0.006740858371273917,-0.02022257511382175,-0.019921206225587684
2021-01-12,0.00021124430293073537,0.0006337329087922061,0.0007526493521143873
2021-01-13,0.002693051096635646,0.008079153289906937,0.007271929445814562
2021-01-14,-0.0035020611707483607,-0.010506183512245082,-0.010331052996021883
2021-01-15,-0.007292697984258467,-0.0218780939527754,-0.022135633450608094
2021-01-19,0.007852013015884562,0.023556039047653687,0.02366557994284557
2021-01-20,0.01383872889619564,0.04151618668858692,0.04108563026427592
2021-01-21,0.0009116330824070484,0.0027348992472211453,0.0022932318348496405
2021-01-22,-0.0035394497785768975,-0.010618349335730692,-0.010114679757628253
2021-01-25,0.003943812614060294,0.01183143784218088,0.012042443490864141
2021-01-26,-0.0015606710885680553,-0.004682013265704166,-0.004687401524440249
2021-01-27,-0.024440762950351913,-0.07332228885105574,-0.07366265547911122
2021-01-28,0.008600381421084213,0.02580114426325264,0.025159759173887908
2021-01-29,-0.02001955656770471,-0.06005866970311413,-0.05887595283654179
2021-02-01,0.016645382328357217,0.04993614698507165,0.04769610910052924
2021-02-02,0.014140196401270178,0.04242058920381053,0.0428167488447011
2021-02-03,0.0007862282852442171,0.002358684855732651,0.00309170838038364
2021-02-04,0.011365504263761483,0.03409651279128445,0.033534812649979484
2021-02-05,0.003936196294461736,0.011808588883385207,0.011570952304384985
2021-02-08,0.007221873078637309,0.021665619235911926,0.02264161344902238
2021-02-09,-0.0006657635878695167,-0.00199729076360855,-0.0027674278006549757
2021-02-10,-0.00043580327307157773,-0.0013074098192147332,-0.0006939120702950108
2021-02-11,0.0016152638762436666,0.004845791628731,0.004165552093202685
2021-02-12,0.004939690344742953,0.014819071034228859,0.015095588123064552
2021-02-16,-0.0008660550229960817,-0.002598165068988245,-0.0029513472597747503
2021-02-17,0.00022952825130739818,0.0006885847539221945,0.0009109655178838327
2021-02-18,-0.004256049771579007,-0.01276814931473702,-0.012626691449840521
2021-02-19,-0.0017660082723631731,-0.0052980248170895194,-0.00552993422712067
2021-02-22,-0.007691589973429114,-0.02307476992028734,-0.02270623346173417
2021-02-23,0.0012143585879258456,0.003643075763777537,0.0030819337760601417
2021-02-24,0.011019192166922487,0.03305757650076746,0.03297110249817181
2021-02-25,-0.0240955872845231,-0.0722867618535693,-0.07173089693593315
2021-02-26,-0.005152829048364116,-0.015458487145092348,-0.017254337638523576
2021-03-01,0.024240372182937397,0.07272111654881219,0.07248572745148385
2021-03-02,-0.007803308708041801,-0.023409926124125402,-0.022801750154311518
2021-03-03,-0.013245657146908618,-0.039736971440725855,-0.03936816857962211
2021-03-04,-0.012374798077757654,-0.03712439423327296,-0.037867491488444815
2021-03-05,0.018396688753328228,0.05519006625998468,0.055411794884675514
2021-03-08,-0.004978974241147349,-0.014936922723442048,-0.014720261039359528
2021-03-09,0.014277672909652539,0.04283301872895762,0.04233044178382017
2021-03-10,0.006224560116417921,0.018673680349253763,0.018275407974760682
2021-03-11,0.010139085171853468,0.030417255515560404,0.030850369811439293
2021-03-12,0.001346923300332703,0.004040769900998109,0.004096524962337256
2021-03-15,0.005963553925414589,0.017890661776243766,0.018018985319299574
2021-03-16,-0.0012612588167272287,-0.003783776450181686,-0.0035623006229233978
2021-03-17,0.003409658646942093,0.01022897594082628,0.009161078650965493
2021-03-18,-0.014549606044267471,-0.043648818132802414,-0.043507231323426265
2021-03-19,-0.001850272695578803,-0.005550818086736409,-0.005323957656149236
2021-03-22,0.00798504708513259,0.02395514125539777,0.022923041090994634
2021-03-23,-0.007870852735400113,-0.02361255820620034,-0.022541940369358193
2021-03-24,-0.005083327859812803,-0.015249983579438409,-0.015715887396252515
2021-03-25,0.005625514858361935,0.016876544575085806,0.01643995478321525
2021-03-26,0.01611486071021173,0.048344582130635194,0.04898755370015251
2021-03-29,-0.0005051860198361791,-0.0015155580595085372,-0.0018857400177428874
2021-03-30,-0.002652837211384651,-0.007958511634153953,-0.008335143922350352
2021-03-31,0.004053147776440724,0.012159443329322173,0.012439640335439872
2021-04-01,0.010799346332547977,0.03239803899764393,0.031104883171968023
2021-04-05,0.014352951734294628,0.04305885520288388,0.04337089401536187
2021-04-06,-0.000590548428802351,-0.001771645286407053,-0.0015434249448212922
2021-04-07,0.0011574506777338733,0.00347235203320162,0.004018915413753765
2021-04-08,0.004746740380814574,0.01424022114244372,0.013650835145042617
2021-04-09,0.007270141730244317,0.02181042519073295,0.021770059801278663
2021-04-12,0.00036445226810299935,0.001093356804308998,0.0008918854937891574
2021-04-13,0.0029636049351253746,0.008890814805376124,0.00841565993848814
2021-04-14,-0.0034148883284400577,-0.010244664985320173,-0.009621851059413822
2021-04-15,0.010742322198360021,0.032226966595080064,0.03202138779603625
2021-04-16,0.003342316003775103,0.01002694801132531,0.010758939333606499
2021-04-19,-0.004912920535589338,-0.014738761606768014,-0.015016151390023325
2021-04-20,-0.007321459412146458,-0.021964378236439375,-0.02180637597510937
2021-04-21,0.009461994317632172,0.028385982952896516,0.02761892249870157
2021-04-22,-0.009133139092532438,-0.027399417277597315,-0.027068536878055438
2021-04-23,0.010842419941238912,0.032527259823716737,0.03196541000238762
2021-04-26,0.0020876098280877553,0.006262829484263266,0.0064052492379809145
2021-04-27,-0.00021560515524610135,-0.0006468154657383041,-0.0010449504800904563
2021-04-28,-0.0002873048909948217,-0.0008619146729844651,-0.0014264499475978853
2021-04-29,0.006372818821855919,0.019118456465567757,0.01866483470553648
2021-04-30,-0.006570499851790701,-0.019711499555372103,-0.01888379648008276
2021-05-03,0.0021566531561427738,0.006469959468428321,0.0064793300058845205
2021-05-04,-0.0061691983273608475,-0.018507594982082543,-0.018460528376547658
2021-05-05,0.000312869292539375,0.000938607877618125,-9.660938616529169e-05
2021-05-06,0.007985438486096674,0.023956315458290023,0.02411493570647738
2021-05-07,0.007278074007361024,0.021834222022083072,0.022134365430146463
2021-05-10,-0.009902516236204306,-0.02970754870861292,-0.029671776575094566
2021-05-11,-0.008924689403128516,-0.02677406820938555,-0.026210996021547195
2021-05-12,-0.021245241387690572,-0.06373572416307172,-0.06368232789878536
2021-05-13,0.01201251893929789,0.03603755681789367,0.034683706246534385
2021-05-14,0.015355348416544512,0.046066045249633536,0.046205044061424116
2021-05-17,-0.0025444980873113865,-0.0076334942619341595,-0.007505115625425329
2021-05-18,-0.008615748908266774,-0.02584724672480032,-0.025109172284103476
2021-05-19,-0.0026216265960293805,-0.007864879788088142,-0.008651310999507333
2021-05-20,0.010757827777565065,0.032273483332695196,0.03199921244247128
2021-05-21,-0.0008187175908184186,-0.0024561527724552557,-0.0024301545391741675
2021-05-24,0.010194315430820167,0.0305829462924605,0.03059539365687125
2021-05-25,-0.0022187093104847344,-0.006656127931454203,-0.0065235767563373015
2021-05-26,0.0019844936728290463,0.005953481018487139,0.0059002693557721475
2021-05-27,0.0005249178173867275,0.0015747534521601825,0.0005676944707266873
2021-05-28,0.0017887451070759397,0.005366235321227819,0.00586233236591327
2021-06-01,-0.0008808158895334817,-0.002642447668600445,-0.002914119469306753
2021-06-02,0.0015727314885671806,0.004718194465701542,0.00518534629874301
2021-06-03,-0.003711444789853191,-0.011134334369559573,-0.01116116906968978
2021-06-04,0.00914584673300256,0.02743754019900768,0.026368098264659245
2021-06-07,-0.0009700465190893848,-0.0029101395572681543,-0.0015710143321048253
2021-06-08,0.00021311412964930554,0.0006393423889479166,0.0002776994975672853
2021-06-09,-0.001492089168081856,-0.004476267504245568,-0.004719148399768502
2021-06-10,0.00464861125945526,0.01394583377836578,0.013852799558100815
2021-06-11,0.0016522169669133113,0.004956650900739934,0.004951723057203372
2021-06-14,0.002239190208840336,0.006717570626521008,0.007026312727739015
2021-06-15,-0.0018340581226892194,-0.005502174368067658,-0.006071153221278158
2021-06-16,-0.005583670014917663,-0.01675101004475299,-0.016409914116005564
2021-06-17,-0.0003314808479126796,-0.0009944425437380389,-0.000741417211419404
2021-06-18,-0.013490548484137999,-0.040471645452413996,-0.040255953438841474
2021-06-21,0.014316052916096833,0.0429481587482905,0.0423311629136609
2021-06-22,0.005346268274335486,0.01603880482300646,0.014928015066676181
2021-06-23,-0.0012054269544991003,-0.003616280863497301,-0.002740684990508724
2021-06-24,0.005915848066297746,0.01774754419889324,0.017497300195755905
2021-06-25,0.0035520862513827023,0.010656258754148107,0.010353623754288943
2021-06-28,0.002015861550757725,0.006047584652273175,0.006505238977962735
2021-06-29,0.00053814819538478,0.00161444458615434,0.0011509155812730043
2021-06-30,0.0008415731448250252,0.0025247194344750756,0.0027413200600516774
2021-07-01,0.0055364826499177955,0.016609447949753386,0.016756437548680392
2021-07-02,0.0076437888686995414,0.022931366606098624,0.022812029812064427
2021-07-06,-0.001821557987184641,-0.005464673961553923,-0.006529833801961149
2021-07-07,0.0035341063321037147,0.010602318996311144,0.011182302986623593
2021-07-08,-0.008148180005369987,-0.02444454001610996,-0.023889993503812268
2021-07-09,0.010674864782249438,0.032024594346748314,0.031220271031530578
2021-07-12,0.003581998106850115,0.010745994320550345,0.011237984404269818
2021-07-13,-0.0034090491511817866,-0.01022714745354536,-0.010200886823001354
2021-07-14,0.0014923144374168196,0.004476943312250459,0.003435447880806075
2021-07-15,-0.0034154666682313373,-0.010246400004694012,-0.010103652317605571
2021-07-16,-0.007843660489700977,-0.02353098146910293,-0.023112683612875662
2021-07-19,-0.014768139366350685,-0.044304418099052056,-0.04395122152001574
2021-07-20,0.014330518700858219,0.04299155610257466,0.04272035458405021
2021-07-21,0.008096216112463805,0.024288648337391416,0.02373329301616356
2021-07-22,0.0020942553318692436,0.006282765995607731,0.006514916218292033
2021-07-23,0.010288118756594189,0.030864356269782567,0.030178128703812535
2021-07-26,0.0024548403553792397,0.007364521066137719,0.007507168539423015
2021-07-27,-0.0045577018225293475,-0.013673105467588043,-0.013444488840816837
2021-07-28,-0.0004100189806867105,-0.0012300569420601315,-0.0016420464144113467
2021-07-29,0.004147366993567214,0.012442100980701642,0.012416752287883082
2021-07-30,-0.004856245462903308,-0.014568736388709924,-0.015188449776301405
2021-08-02,-0.0020981795080597943,-0.006294538524179383,-0.006185600652451995
2021-08-03,0.008135595302280363,0.02440678590684109,0.02448136266767853
2021-08-04,-0.004919132324993192,-0.014757396974979575,-0.014256658079897067
2021-08-05,0.006332988785002769,0.018998966355008307,0.01832520834646778
2021-08-06,0.0016523180652161518,0.004956954195648455,0.005648928112213847
2021-08-09,-0.0008135164481659629,-0.0024405493444978887,-0.0031296650988340557
2021-08-10,0.0012440269915721114,0.003732080974716334,0.0030588622835472368
2021-08-11,0.002484818072360895,0.007454454217082684,0.007302805530190248
2021-08-12,0.002997028997643314,0.008991086992929942,0.008843187513911444
2021-08-13,0.001819943152563619,0.005459829457690857,0.005527974356271059
2021-08-16,0.002354474599513212,0.007063423798539636,0.007460914902726268
2021-08-17,-0.006555282647441429,-0.019665847942324288,-0.019332657991987245
2021-08-18,-0.010944891926226497,-0.03283467577867949,-0.03283000314587814
2021-08-19,0.0015483042815316317,0.004644912844594895,0.003534142335922974
2021-08-20,0.007957006907900022,0.023871020723700065,0.02497969380820786
2021-08-23,0.008796534672220968,0.026389604016662904,0.025569334423958923
2021-08-24,0.0015872901189919464,0.004761870356975839,0.004986259522528735
2021-08-25,0.0020985104304154234,0.00629553129124627,0.005814254000941599
2021-08-26,-0.005903037772343023,-0.017709113317029068,-0.01718818373453168
2021-08-27,0.008940975993693145,0.026822927981079436,0.025723489363859597
2021-08-30,0.004397473506366101,0.013192420519098302,0.013303636563948729
2021-08-31,-0.0014816926798311147,-0.004445078039493344,-0.0030178643464393584
2021-09-01,0.000531474431658463,0.001594423294975389,0.0016650560003734771
2021-09-02,0.003076891917806801,0.009230675753420403,0.008311323286394279
2021-09-03,-0.00024300157922785282,-0.0007290047376835584,-0.0011992901845674364
2021-09-07,-0.0035754347745492465,-0.01072630432364774,-0.010278199161802948
2021-09-08,-0.0012183175255376932,-0.0036549525766130797,-0.0036386544748400196
2021-09-09,-0.004280204455295311,-0.012840613365885933,-0.013542195913318067
2021-09-10,-0.007884597158255624,-0.023653791474766872,-0.02321457148225803
2021-09-13,0.0025592779806420385,0.0076778339419261155,0.006790291174484819
2021-09-14,-0.00539643558562497,-0.01618930675687491,-0.015528224430824689
2021-09-15,0.008352617673613505,0.025057853020840515,0.025093715340525735
2021-09-16,-0.0015851641777183678,-0.0047554925331551035,-0.0055953462040641
2021-09-17,-0.009741162935127612,-0.029223488805382836,-0.028446289734798014
2021-09-20,-0.01667416414225964,-0.05002249242677892,-0.04987132295241792
2021-09-21,-0.0009447119058535458,-0.0028341357175606374,-0.0028784854233031565
2021-09-22,0.009754877383530758,0.029264632150592274,0.028273106296722084
2021-09-23,0.012150001864636772,0.03645000559391032,0.03641318248349146
2021-09-24,0.0016473054958301425,0.0049419164874904276,0.005019129906201902
2021-09-27,-0.002861070297351387,-0.00858321089205416,-0.008561252657100171
2021-09-28,-0.020151675606491337,-0.06045502681947401,-0.06036611521744761
2021-09-29,0.001683088093473506,0.005049264280420518,0.0039992086549554
2021-09-30,-0.012222315533299222,-0.036666946599897665,-0.03627416860832333
2021-10-01,0.011884168908574688,0.035652506725724065,0.03561684802748455
2021-10-04,-0.012895984645972636,-0.03868795393791791,-0.03906251498523683
2021-10-05,0.010404889895724967,0.0312146696871749,0.03039950761467547
2021-10-06,0.004155901421255326,0.012467704263765977,0.013035970259951846
2021-10-07,0.008645828375708708,0.025937485127126125,0.02539783836314924
2021-10-08,-0.0018237931538651608,-0.0054713794615954825,-0.005779389279989111
2021-10-11,-0.007239743332758453,-0.021719229998275358,-0.021258997086780806
2021-10-12,-0.0024615879006472108,-0.007384763701941632,-0.006957296262646517
2021-10-13,0.003597751706736707,0.010793255120210121,0.009911086381642953
2021-10-14,0.016820512144027466,0.0504615364320824,0.0504231250597591
2021-10-15,0.007615946257303996,0.022847838771911988,0.02303475968956259
2021-10-18,0.0029604360341459746,0.008881308102437924,0.009368695933498872
2021-10-19,0.007714794168863559,0.023144382506590677,0.022774959281829377
2021-10-20,0.0039277601823533015,0.011783280547059904,0.01121017234786148
2021-10-21,0.0026083091565398675,0.007824927469619603,0.00806962646170195
2021-10-22,-0.0010363204331748088,-0.0031089612995244265,-0.0033666804337468825
2021-10-25,0.005362797740041669,0.016088393220125008,0.015163178248933873
2021-10-26,0.0009001750153616594,0.0027005250460849783,0.003844779593537684
2021-10-27,-0.004430168625072506,-0.013290505875217518,-0.013626702678054325
2021-10-28,0.009648777067477132,0.028946331202431397,0.028526345863737923
2021-10-29,0.0020291223593487118,0.006087367078046135,0.006389425123655812
2021-11-01,0.0017202891269074705,0.0051608673807224115,0.0054107810585237726
2021-11-02,0.004043071467042303,0.012129214401126909,0.011768228934082137
2021-11-03,0.006105228082281533,0.0183156842468446,0.01865236110962276
2021-11-04,0.004712444271899763,0.014137332815699288,0.013437298913660634
2021-11-05,0.0034695834437037387,0.010408750331111216,0.010854626746257479
2021-11-08,0.000853726879960437,0.002561180639881311,0.0027863905903655617
2021-11-09,-0.0033053527739764776,-0.009916058321929433,-0.010301659481884884
2021-11-10,-0.00804479180676565,-0.02413437542029695,-0.023899288010534314
2021-11-11,0.0003235896882751721,0.0009707690648255163,0.001122591420109842
2021-11-12,0.007546745784792197,0.02264023735437659,0.02221443761599362
2021-11-15,0.00034242522237160067,0.001027275667114802,0.0004112547755905638
2021-11-16,0.0039577956128489244,0.011873386838546773,0.011992152756932217
2021-11-17,-0.0024291173855702786,-0.007287352156710836,-0.007583898132289546
2021-11-18,0.003396223972836676,0.010188671918510028,0.010029952212509796
2021-11-19,-0.0017881649511386488,-0.0053644948534159465,-0.004796223383180642
2021-11-22,-0.0028150946424915224,-0.008445283927474567,-0.008892253318879328
2021-11-23,0.0013258501490576169,0.003977550447172851,0.0047255882393419935
2021-11-24,0.0026699872345237186,0.008009961703571156,0.0067485329668590666
2021-11-26,-0.022303126700135345,-0.06690938010040604,-0.06513639745090605
2021-11-29,0.012266586209683128,0.036799758629049384,0.03541690406857034
2021-11-30,-0.019457761807543883,-0.05837328542263165,-0.05672915580871374
2021-12-01,-0.01110709501958207,-0.03332128505874621,-0.035372700960711545
2021-12-02,0.015316291822185635,0.045948875466556904,0.04512593562162759
2021-12-03,-0.008701289048353322,-0.026103867145059967,-0.02633313689805128
2021-12-06,0.011843339414036924,0.03553001824211077,0.035733392394522445
2021-12-07,0.02068460266506178,0.06205380799518534,0.06192527408399218
2021-12-08,0.0026480890436797466,0.00794426713103924,0.008791949540180033
2021-12-09,-0.006751495711531663,-0.02025448713459499,-0.02063040531510718
2021-12-10,0.009413488556835103,0.02824046567050531,0.028851452157052426
2021-12-13,-0.008858362606356307,-0.02657508781906892,-0.02669093162842817
2021-12-14,-0.006880105890689103,-0.02064031767206731,-0.020966520381491383
2021-12-15,0.015625131205151854,0.04687539361545556,0.046234690864575656
2021-12-16,-0.008818437890270592,-0.026455313670811775,-0.02677254941833851
2021-12-17,-0.010642866495301218,-0.03192859948590365,-0.03140894079214451
2021-12-20,-0.010633513213470724,-0.03190053964041217,-0.03206769155294853
2021-12-21,0.017759117873890506,0.05327735362167152,0.052963836405210074
2021-12-22,0.009998503127680802,0.029995509383042407,0.029841272283394282
2021-12-23,0.0062221804840059125,0.018666541452017738,0.017879142515697444
2021-12-27,0.01415223193395776,0.04245669580187328,0.042129407627968574
2021-12-28,-0.0008173965968333308,-0.0024521897904999923,-0.001808361377722667
2021-12-29,0.0012793141447318135,0.0038379424341954405,0.003623073384116937
2021-12-30,-0.002764556252280115,-0.008293668756840344,-0.00857330923992805
2021-12-31,-0.002520194124161268,-0.007560582372483804,-0.00806242180764516
2022-01-03,0.005790034096770702,0.017370102290312106,0.01750122300667778
2022-01-04,-0.00033503315870275774,-0.0010050994761082732,-0.0008375410253104176
2022-01-05,-0.019202183476557666,-0.057606550429673,-0.05809147134360648
2022-01-06,-0.0009393548849371269,-0.002818064654811381,-0.002738066968225872
2022-01-07,-0.0039534281947822825,-0.011860284584346847,-0.011325349204504342
2022-01-10,-0.0012444666883044686,-0.003733400064913406,-0.00451260150947097
2022-01-11,0.009108194733165265,0.027324584199495794,0.027477437104996616
2022-01-12,0.0027036954021888437,0.008111086206566531,0.008823663133409099
2022-01-13,-0.013778635008910411,-0.041335905026731234,-0.04231982511218191
2022-01-14,0.0004090545339683338,0.0012271636019050014,0.0008429075165636846
2022-01-18,-0.01770962670691123,-0.05312888012073369,-0.052927123334166604
2022-01-19,-0.010383571697752836,-0.031150715093258508,-0.030981179404872106
2022-01-20,-0.011067919705962326,-0.03320375911788698,-0.033348660024597354
2022-01-21,-0.01963082211368139,-0.05889246634104417,-0.05887004224209691
2022-01-24,0.004246864538757222,0.012740593616271667,0.012443170008459514
2022-01-25,-0.01220903292132458,-0.03662709876397374,-0.03720298617902584
2022-01-26,-0.0025088541014804955,-0.0075265623044414864,-0.006382705286482104
2022-01-27,-0.004938002718442469,-0.014814008155327407,-0.015451470727037786
2022-01-28,0.024835383916514076,0.07450615174954223,0.07370841004353923
2022-01-31,0.018011248697787696,0.05403374609336309,0.05370373674886397
2022-02-01,0.006756702346112586,0.02027010703833776,0.021976182342573924
2022-02-02,0.009714177300417237,0.02914253190125171,0.0276039102233252
2022-02-03,-0.023504884505011647,-0.07051465351503494,-0.07034732055097159
2022-02-04,0.004702308684906953,0.014106926054720859,0.013888936381040384
2022-02-07,-0.003209397460275265,-0.009628192380825795,-0.010234655222252087
2022-02-08,0.008227893163941236,0.024683679491823707,0.02402165414577273
2022-02-09,0.01463603650118439,0.04390810950355317,0.043964596484405316
2022-02-10,-0.017965657383745892,-0.053896972151237676,-0.05297629720585406
2022-02-11,-0.019718781466516844,-0.05915634439955053,-0.0595536280609168
2022-02-14,-0.003269222402150107,-0.009807667206450321,-0.009858069181001405
2022-02-15,0.016126958617918907,0.04838087585375672,0.04741828031334938
2022-02-16,0.0011207740949865652,0.0033623222849596957,0.0038666930770645536
2022-02-17,-0.021361528256371387,-0.06408458476911416,-0.0633928122204066
2022-02-18,-0.006475073182426461,-0.019425219547279382,-0.020048015674861697
2022-02-22,-0.010731503458552671,-0.032194510375658014,-0.03182370040148874
2022-02-23,-0.01773862855926156,-0.05321588567778468,-0.05562578462611445
2022-02-24,0.015049066279867684,0.04514719883960305,0.04647161273817413
2022-02-25,0.022064029159788445,0.06619208747936534,0.06524108783708082
2022-02-28,-0.0025584453016155306,-0.007675335904846592,-0.007719969077097266
2022-03-01,-0.015230352106268774,-0.04569105631880632,-0.04425997094801659
2022-03-02,0.018396091977946893,0.05518827593384068,0.05426904180582426
2022-03-03,-0.004978519267194725,-0.014935557801584176,-0.0145847180941584
2022-03-04,-0.008124554424507213,-0.02437366327352164,-0.024203349911258276
2022-03-07,-0.029479103883600533,-0.0884373116508016,-0.0888651050650534
2022-03-08,-0.0075817900347057154,-0.022745370104117146,-0.023697724239892914
2022-03-09,0.02681087861010223,0.08043263583030669,0.08124389762589224
2022-03-10,-0.0045155505349724345,-0.013546651604917304,-0.014285604874346602
2022-03-11,-0.012715055054527191,-0.038145165163581574,-0.037455381420184564
2022-03-14,-0.00730831679172772,-0.02192495037518316,-0.022291662906650078
2022-03-15,0.02199041207119956,0.06597123621359868,0.06599975418389747
2022-03-16,0.022174155568912557,0.06652246670673767,0.06529088949855288
2022-03-17,0.012510936956366736,0.03753281086910021,0.03751337294152046
2022-03-18,0.01095280497381057,0.03285841492143171,0.0329314581213469
2022-03-21,-0.00029229258452079243,-0.0008768777535623773,0.0
2022-03-22,0.011701253090520058,0.035103759271560175,0.03418243114291042
2022-03-23,-0.012878345894682841,-0.03863503768404852,-0.03807928649027992
2022-03-24,0.015074383535327751,0.04522315060598325,0.04429738352687829
2022-03-25,0.004883572176318962,0.014650716528956886,0.015036517503216995
2022-03-28,0.007113075604195718,0.021339226812587153,0.021206834644591055
2022-03-29,0.012370701588773514,0.03711210476632054,0.03786837541756061
2022-03-30,-0.00617456831014751,-0.01852370493044253,-0.018390454166052006
2022-03-31,-0.015391388511324489,-0.046174165533973466,-0.046312813292766375
2022-04-01,0.0028339845813392106,0.008501953744017632,0.007072068817928434
2022-04-04,0.00856655614076307,0.025699668422289212,0.026373093458076813
2022-04-05,-0.012631382994255036,-0.03789414898276511,-0.03709885369777721
2022-04-06,-0.009999201317061224,-0.02999760395118367,-0.030475229944769033
2022-04-07,0.005038957784280429,0.015116873352841287,0.014657905913825209
2022-04-08,-0.0026739889552875873,-0.008021966865862762,-0.00706254548648777
2022-04-11,-0.017092207467687137,-0.05127662240306141,-0.05221472762710666
2022-04-12,-0.0037053646694594766,-0.01111609400837843,-0.01159817648671635
2022-04-13,0.011453522283753292,0.03436056685125988,0.03416745676065669
2022-04-14,-0.0124516616997572,-0.0373549850992716,-0.03670953217744988
2022-04-18,0.0004111291599779854,0.0012333874799339561,0.0003463456922403463
2022-04-19,0.016142756911434075,0.048428270734302226,0.04796537930931288
2022-04-20,-0.0007415171885905014,-0.0022245515657715043,-0.00231310335814805
2022-04-21,-0.014953627909031209,-0.044860883727093626,-0.04455128209260428
2022-04-22,-0.027439065844558352,-0.08231719753367506,-0.08146986939779277
2022-04-25,0.0057974997873160294,0.01739249936194809,0.016040750389978875
2022-04-26,-0.028960817843162512,-0.08688245352948754,-0.08636709427299294
2022-04-27,0.002811906738502623,0.00843572021550787,0.00731861923611854
2022-04-28,0.025259356857709525,0.07577807057312858,0.07568115521945695
2022-04-29,-0.036955746712481474,-0.11086724013744442,-0.10956863396886452
2022-05-02,0.0060194430540632116,0.018058329162189635,0.0174885163567593
2022-05-03,0.0045841313579015885,0.013752394073704766,0.013460415461838071
2022-05-04,0.030452870602692528,0.09135861180807758,0.09072336375191536
2022-05-05,-0.0355427858751286,-0.1066283576253858,-0.1056574841042991
2022-05-06,-0.005968919905028347,-0.01790675971508504,-0.018223827065646847
2022-05-09,-0.0320172321206581,-0.0960516963619743,-0.09601025556789489
2022-05-10,0.0023104815512380306,0.006931444653714092,0.005428310221071486
2022-05-11,-0.015886099579511703,-0.04765829873853511,-0.04741777350136811
2022-05-12,-0.0010439289934680573,-0.003131786980404172,-0.0034499920917498983
2022-05-13,0.023907788236859684,0.07172336471057905,0.07146396310553804
2022-05-16,-0.004057475820529399,-0.012172427461588198,-0.011539340473603388
2022-05-17,0.02057037667787376,0.061711130033621275,0.05977103373969861
2022-05-18,-0.04031160759150698,-0.12093482277452094,-0.11918924374567275
2022-05-19,-0.006124829150545241,-0.018374487451635724,-0.020510106050935395
2022-05-20,0.00043668580529532264,0.001310057415885968,0.0017874971610660761
2022-05-23,0.018710096529025666,0.056130289587077,0.056589362870981263
2022-05-24,-0.007633666997790112,-0.022901000993370335,-0.022919162517270997
2022-05-25,0.008834884921841368,0.026504654765524105,0.02691357877567402
2022-05-26,0.019981248991908007,0.05994374697572402,0.05866773554836158
2022-05-27,0.0245493016460967,0.0736479049382901,0.07381353254726708
2022-05-31,-0.0056109270481062845,-0.016832781144318854,-0.017555010884413025
2022-06-01,-0.008088460225560756,-0.02426538067668227,-0.023681359966274296
2022-06-02,0.01904337133390621,0.057130114001718635,0.05578839018477799
2022-06-03,-0.016411602869406017,-0.04923480860821805,-0.04866339764611005
2022-06-06,0.003044772682337049,0.009134318047011147,0.008122901395103632
2022-06-07,0.009592149199070477,0.02877644759721143,0.028745674502183682
2022-06-08,-0.010872062668756732,-0.0326161880062702,-0.031964478602873436
2022-06-09,-0.023782824009937586,-0.07134847202981276,-0.07194398482929554
2022-06-10,-0.028995585255520595,-0.08698675576656179,-0.08741744654769723
2022-06-13,-0.0379684291899256,-0.1139052875697768,-0.11438186145045681
2022-06-14,-0.0030133009873364314,-0.009039902962009294,-0.009912326560384876
2022-06-15,0.014256317283564357,0.04276895185069307,0.042108375807019094
2022-06-16,-0.03309592351084134,-0.09928777053252402,-0.09578982724704554
2022-06-17,0.0021557746816240897,0.006467324044872269,0.002187449750323811
2022-06-21,0.025173514557253585,0.07552054367176075,0.07577162497891243
2022-06-22,-0.0018129384001296378,-0.005438815200388913,-0.00608670488602725
2022-06-23,0.009802676663760002,0.029408029991280005,0.02916299745487816
2022-06-24,0.031793707795376935,0.0953811233861308,0.09492766618644866
2022-06-27,-0.0038197876695251765,-0.01145936300857553,-0.009834502421380176
2022-06-28,-0.0204327545596672,-0.0612982636790016,-0.06142181425496951
2022-06-29,-0.0008142430966067149,-0.0024427292898201447,-0.0036202025947748018
2022-06-30,-0.008124349526184682,-0.024373048578554046,-0.025433057426715755
2022-07-01,0.010576366350566246,0.03172909905169874,0.030972092601168955
2022-07-05,0.0018886030369735796,0.005665809110920739,0.005841529273690194
2022-07-06,0.003377286008932723,0.010131858026798168,0.010508884921520911
2022-07-07,0.014977233627015751,0.044931700881047254,0.0440614606261871
2022-07-08,-0.0008226557979432725,-0.0024679673938298174,-0.0018348198904515334
2022-07-11,-0.011423503514546463,-0.03427051054363939,-0.03466420020681715
2022-07-12,-0.008848918866861566,-0.026546756600584698,-0.02665943838587692
2022-07-13,-0.005251684313791638,-0.015755052941374914,-0.015930634663544163
2022-07-14,-0.0024284836828679657,-0.007285451048603897,-0.00795221485715647
2022-07-15,0.01910503428129484,0.057315102843884524,0.05754381828307786
2022-07-18,-0.008256914174503138,-0.024770742523509415,-0.02517608677945926
2022-07-19,0.027019158413400524,0.08105747524020157,0.0799776603122282
2022-07-20,0.0063732587231817295,0.01911977616954519,0.018771020729861254
2022-07-21,0.010183139405493868,0.030549418216481605,0.030540187036713684
2022-07-22,-0.009278127961734772,-0.027834383885204317,-0.026696054509548706
2022-07-25,0.0012149315858418497,0.003644794757525549,0.0025162563519778303
2022-07-26,-0.011830969606307473,-0.03549290881892242,-0.036144572427874944
2022-07-27,0.025966374855994623,0.07789912456798387,0.07786464971945839
2022-07-28,0.012542344216742718,0.037627032650228154,0.03744863021910905
2022-07-29,0.01457883381914682,0.04373650145744046,0.04448061951280047
2022-08-01,-0.0029612818183314404,-0.008883845454994321,-0.010033437850118898
2022-08-02,-0.0065973126462661735,-0.01979193793879852,-0.01936925058927408
2022-08-03,0.015659467197761012,0.04697840159328304,0.0454754232541108
2022-08-04,-0.0006754521624744436,-0.002026356487423331,-0.0017575875108422068
2022-08-05,-0.001690381104657579,-0.005071143313972737,-0.005721724178426202
2022-08-08,-0.0011609241890411237,-0.003482772567123371,-0.002877497651334382
2022-08-09,-0.003970948356665449,-0.011912845069996347,-0.012874523057814335
2022-08-10,0.02100394667105121,0.06301184001315363,0.06251404237337321
2022-08-11,0.0,0.0,0.0002115412037040354
2022-08-12,0.01692908240369917,0.05078724721109751,0.050148216359235054
2022-08-15,0.004120729470306506,0.012362188410919517,0.012290849881055887
2022-08-16,0.00195885809533225,0.00587657428599675,0.0057723822945878744
2022-08-17,-0.007098155570491316,-0.021294466711473947,-0.021571266514083143
2022-08-18,0.0029064077981166836,0.00871922339435005,0.008090529662926782
2022-08-19,-0.01343808977752503,-0.04031426933257509,-0.03992775579227392
2022-08-22,-0.020822419743358744,-0.06246725923007623,-0.06311381885465739
2022-08-23,-0.0024192177117355884,-0.007257653135206765,-0.007584218179046198
2022-08-24,0.0032010595429052824,0.009603178628715847,0.008541010885027456
2022-08-25,0.014117519840215254,0.04235255952064576,0.04256754875322333
2022-08-26,-0.033849004652035775,-0.10154701395610732,-0.10218038084901848
2022-08-29,-0.006612167948785719,-0.019836503846357156,-0.019523850652898744
2022-08-30,-0.010977752639487748,-0.03293325791846324,-0.03351133315746646
2022-08-31,-0.007609244853825525,-0.022827734561476576,-0.02336685500767499
2022-09-01,0.0031379385382661606,0.009413815614798482,0.008747018972035114
2022-09-02,-0.010544373242674099,-0.031633119728022296,-0.03136946784939998
2022-09-06,-0.003773177010217066,-0.011319531030651198,-0.01184843472866759
2022-09-07,0.017964941037728277,0.05389482311318483,0.053557201696622814
2022-09-08,0.006536296553834253,0.01960888966150276,0.018968120091855
2022-09-09,0.015535241386738452,0.046605724160215356,0.04641352778980523
2022-09-12,0.010747671817509241,0.032243015452527723,0.03202094212802997
2022-09-13,-0.04348238590660669,-0.13044715771982007,-0.12985528238872168
2022-09-14,0.0038157200153245974,0.011447160045973792,0.010036909640569469
2022-09-15,-0.01135336163912437,-0.03406008491737311,-0.03373420690678641
2022-09-16,-0.007628765025837758,-0.022886295077513275,-0.02300414791596639
2022-09-19,0.007754879638026235,0.023264638914078706,0.021883663916639762
2022-09-20,-0.01147860556139213,-0.03443581668417639,-0.03334238959841351
2022-09-21,-0.017443811213332938,-0.052331433639998814,-0.0532809533700519
2022-09-22,-0.008399777460008861,-0.025199332380026584,-0.025770194122987755
2022-09-23,-0.016754813885913378,-0.05026444165774013,-0.05138333208680035
2022-09-26,-0.009892628352498267,-0.0296778850574948,-0.029487109354216168
2022-09-27,-0.002552800815392331,-0.007658402446176993,-0.007265464869500415
2022-09-28,0.01967623323262968,0.05902869969788904,0.05721879707314037
2022-09-29,-0.020888987245068824,-0.06266696173520647,-0.06293273905138241
2022-09-30,-0.015463249733189133,-0.0463897491995674,-0.04600394780738537
2022-10-03,0.026401128125685513,0.07920338437705654,0.07884537859277896
2022-10-04,0.030986625445546423,0.09295987633663927,0.09200667005054086
2022-10-05,-0.0023282963522027744,-0.006984889056608323,-0.007768237653182797
2022-10-06,-0.010315701317889614,-0.030947103953668842,-0.031014663188284497
2022-10-07,-0.02789409554352784,-0.08368228663058352,-0.08359237378460638
2022-10-10,-0.007635153835788611,-0.022905461507365832,-0.022041288835484507
2022-10-11,-0.006332999428152131,-0.018998998284456392,-0.021151203135239105
2022-10-12,-0.0032984773819508817,-0.009895432145852645,-0.009210163663781024
2022-10-13,0.026390911790336036,0.07917273537100811,0.07758308902921307
2022-10-14,-0.02278850064805371,-0.06836550194416113,-0.06834764337162935
2022-10-17,0.025697011991898,0.077091035975694,0.0758547740857296
2022-10-18,0.011749531187838835,0.035248593563516506,0.029791437519189223
2022-10-19,-0.007086617506012471,-0.021259852518037414,-0.015429223873975384
2022-10-20,-0.008385271836508612,-0.025155815509525836,-0.026444620215263726
2022-10-21,0.02430155251058319,0.07290465753174957,0.07209927950776884
2022-10-24,0.012236401033042021,0.036709203099126064,0.03628421067241239
2022-10-25,0.01596863043231833,0.047905891296954994,0.04829443757095331
2022-10-26,-0.00753401390249453,-0.02260204170748359,-0.022170972957258672
2022-10-27,-0.005340144524538459,-0.016020433573615378,-0.017373389829925645
2022-10-28,0.023790826068558202,0.0713724782056746,0.0701228341945408
2022-10-31,-0.00722331463260284,-0.02166994389780852,-0.02100261373223089
2022-11-01,-0.00437575581865457,-0.01312726745596371,-0.013157975307976688
2022-11-02,-0.02509647099464496,-0.07528941298393488,-0.07594194101928697
2022-11-03,-0.010296755509192845,-0.030890266527578536,-0.032622275616666196
2022-11-04,0.014393245915243602,0.043179737745730806,0.043450121939160535
2022-11-07,0.009565559145319646,0.02869667743595894,0.02889984290658143
2022-11-08,0.005395367128479878,0.016186101385439633,0.015101167595569898
2022-11-09,-0.02060209266270241,-0.06180627798810723,-0.06248130447324962
2022-11-10,0.05495412966530777,0.16486238899592331,0.16439199261866588
2022-11-11,0.009678594347569014,0.029035783042707042,0.029708478316218256
2022-11-14,-0.008506859845689996,-0.025520579537069987,-0.025410232624841766
2022-11-15,0.008529038614998541,0.025587115844995623,0.025257930901506187
2022-11-16,-0.007628689441596115,-0.022886068324788345,-0.023311078886980696
2022-11-17,-0.0030598068541611845,-0.009179420562483553,-0.010849025531192491
2022-11-18,0.004540363412361081,0.013621090237083244,0.01343560573194158
2022-11-21,-0.00363618189794479,-0.01090854569383437,-0.01136348198866255
2022-11-22,0.013457095371909533,0.0403712861157286,0.04022981159505501
2022-11-23,0.006301502170958262,0.018904506512874786,0.01762698944533092
2022-11-25,-0.0002236722359362231,-0.0006710167078086693,-0.0010341455187748982
2022-11-28,-0.015956981603079012,-0.04787094480923704,-0.04710147555310573
2022-11-29,-0.0017175446824280183,-0.005152634047284055,-0.006518107516215177
2022-11-30,0.0315005501560961,0.09450165046828829,0.093220244301506
2022-12-01,-0.0007358004122115513,-0.002207401236634654,-0.0015003545761739234
2022-12-02,-0.0011537159099506145,-0.0034611477298518434,-0.004257505953655705
2022-12-05,-0.017989185626718474,-0.05396755688015542,-0.05457729140630985
2022-12-06,-0.014414910663264724,-0.04324473198979417,-0.04283079359731179
2022-12-07,-0.0017010885003976295,-0.0051032655011928885,-0.005558640443782514
2022-12-08,0.007833913834858874,0.023501741504576623,0.022917991781000513
2022-12-09,-0.007470218948076868,-0.022410656844230603,-0.022950823856231373
2022-12-12,0.014417161594050487,0.04325148478215146,0.043064758008356074
2022-12-13,0.0075698871486269415,0.022709661445880824,0.021716200628563387
2022-12-14,-0.006393479498144505,-0.019180438494433516,-0.01836827259003493
2022-12-15,-0.024461652652964738,-0.07338495795889421,-0.07431157409916966
2022-12-16,-0.011806170384669357,-0.03541851115400807,-0.036384588945713614
2022-12-19,-0.008479770798216157,-0.025439312394648472,-0.02547207785171557
2022-12-20,0.0013684753929954496,0.004105426178986349,0.0030749090010777635
2022-12-21,0.014952447825085091,0.044857343475255274,0.04506454386160641
2022-12-22,-0.014266094933535145,-0.042798284800605435,-0.04311707754227967
2022-12-23,0.005752241030456684,0.017256723091370052,0.015081546186914485
2022-12-27,-0.003943354281739309,-0.011830062845217926,-0.011219010982151834
2022-12-28,-0.012427997650629852,-0.037283992951889555,-0.03741176750309838
2022-12-29,0.018000186316188493,0.05400055894856548,0.05097160655561561
2022-12-30,-0.0026340779181714957,-0.007902233754514487,-0.006668706680551972
2023-01-03,-0.0042097417835864626,-0.012629225350759388,-0.013121795737062292
2023-01-04,0.007720170924645053,0.02316051277393516,0.021954300717740738
2023-01-05,-0.011413429194566671,-0.03424028758370001,-0.0344931153120569
2023-01-06,0.02293220947033614,0.06879662841100842,0.06769026461210848
2023-01-09,-0.0005669983585574467,-0.0017009950756723402,-0.001174056826034442
2023-01-10,0.007012885082781084,0.021038655248343252,0.02027634272129686
2023-01-11,0.012647702252820192,0.037943106758460576,0.03715431410834236
2023-01-12,0.00364091228783181,0.01092273686349543,0.01027489911724433
2023-01-13,0.003879493446544924,0.011638480339634771,0.011270014238836001
2023-01-17,-0.0018319162135532752,-0.0054957486406598255,-0.005436380408166408
2023-01-18,-0.01578796910335767,-0.047363907310073006,-0.047280550663287735
2023-01-19,-0.007279775022758783,-0.02183932506827635,-0.023235809340453106
2023-01-20,0.018628943131929088,0.05588682939578726,0.05433207338623536
2023-01-23,0.011998545180840425,0.035995635542521276,0.03648985932652238
2023-01-24,-0.001073181903942455,-0.003219545711827365,-0.0034935385893176685
2023-01-25,0.00037478251322298206,0.0011243475396689462,0.0010787516967234456
2023-01-26,0.010990308908662705,0.032970926725988114,0.030980534151318073
2023-01-27,0.002297746820412394,0.006893240461237182,0.007316558272835616
2023-01-30,-0.012546810502820582,-0.03764043150846175,-0.037354188905912133
2023-01-31,0.014703231460139188,0.04410969438041756,0.04311497825489008
2023-02-01,0.010627916219980271,0.031883748659940814,0.030999733105396388
2023-02-02,0.014556819549534472,0.043670458648603416,0.043097095860668455
2023-02-03,-0.01062894310182716,-0.03188682930548148,-0.031947972273036584
2023-02-06,-0.006111368890508229,-0.018334106671524686,-0.017617865360468166
2023-02-07,0.01307868439692017,0.03923605319076051,0.03814070466411157
2023-02-08,-0.0109349345295906,-0.0328048035887718,-0.03284666988752949
2023-02-09,-0.008669016695807885,-0.026007050087423655,-0.026918170147646414
2023-02-10,0.0023335514315856454,0.007000654294756936,0.005429027255184016
2023-02-13,0.011739003306777684,0.03521700992033305,0.034970432569091825
2023-02-14,-0.0004602060404940156,-0.0013806181214820468,-0.0014906876089156862
2023-02-15,0.0032474811160438932,0.00974244334813168,0.009206345531678428
2023-02-16,-0.013768884680604887,-0.04130665404181466,-0.04191314401196966
2023-02-17,-0.0024982537501190283,-0.007494761250357085,-0.00823461186648844
2023-02-21,-0.020060965233721584,-0.06018289570116475,-0.05993783952829013
2023-02-22,-0.001377998724263918,-0.004133996172791754,-0.00441634916990008
2023-02-23,0.005319344694524997,0.01595803408357499,0.013862191053122253
2023-02-24,-0.010682386547110179,-0.032047159641330536,-0.03226686664109746
2023-02-27,0.0034057863416030454,0.010217359024809136,0.009606930836451477
2023-02-28,-0.0036958514670768494,-0.011087554401230548,-0.01119489056939671
2023-03-01,-0.003835915260082867,-0.011507745780248602,-0.011604845990737966
2023-03-02,0.0077771913315036745,0.023331573994511023,0.02176398146052172
2023-03-03,0.01603779021159113,0.04811337063477339,0.04736555033177137
2023-03-06,0.0006928014953493378,0.0020784044860480133,0.0029434938194825566
2023-03-07,-0.015328735740964938,-0.045986207222894815,-0.04615813153144632
2023-03-08,0.0016321110887755896,0.004896333266326769,0.0044755378219925035
2023-03-09,-0.018449845462759185,-0.055349536388277554,-0.05625169154946952
2023-03-10,-0.01442947643708925,-0.04328842931126775,-0.04337569635891514
2023-03-13,-0.0014252236135087193,-0.004275670840526158,-0.006785775526940152
2023-03-14,0.016530123481697467,0.0495903704450924,0.05093164052612065
2023-03-15,-0.00625431155989431,-0.01876293467968293,-0.01891246915598499
2023-03-16,0.017545019601403533,0.0526350588042106,0.05090358195946809
2023-03-17,-0.011692668489450941,-0.035078005468352824,-0.03382056367606123
2023-03-20,0.009615771754176716,0.02884731526253015,0.027291451755914187
2023-03-21,0.013130466494506665,0.039391399483519995,0.03840628820898129
2023-03-22,-0.01704637709524237,-0.05113913128572711,-0.050087770865807846
2023-03-23,0.002703258450195367,0.008109775350586101,0.00645515675982411
2023-03-24,0.006562072972584376,0.01968621891775313,0.01953354755366643
2023-03-27,0.0018697514350820565,0.00560925430524617,0.004861329398229586
2023-03-28,-0.0022446061209715484,-0.006733818362914645,-0.006545293406155728
2023-03-29,0.014534873876816068,0.043604621630448204,0.04268111968735111
2023-03-30,0.005855149611418753,0.01756544883425626,0.01703301876066421
2023-03-31,0.014094684068101992,0.04228405220430598,0.041869332644334234
2023-04-03,0.003810640525340858,0.011431921576022575,0.010370813828955106
2023-04-04,-0.005548173641520382,-0.016644520924561146,-0.016166281525980875
2023-04-05,-0.0026183416717089347,-0.007855025015126804,-0.00912883581643864
2023-04-06,0.003900905265924015,0.011702715797772045,0.011055506709112262
2023-04-10,0.001026408021895353,0.0030792240656860592,0.0028637304744161263
2023-04-11,0.00026864149093297485,0.0008059244727989245,0.0
2023-04-12,-0.004076064434134552,-0.012228193302403656,-0.011422512991013711
2023-04-13,0.013282778373775006,0.03984833512132502,0.03755233517916379
2023-04-14,-0.002442822543559986,-0.007328467630679958,-0.006833672176390526
2023-04-17,0.0035882313263735366,0.01076469397912061,0.009939041008462546
2023-04-18,0.0006522352038720314,0.001956705611616094,0.00201860595851322
2023-04-19,-0.00016893208148094363,-0.0005067962444428309,-0.001007415799743283
2023-04-20,-0.005457067075261501,-0.016371201225784504,-0.01764545869359202
2023-04-21,0.0007768996884156554,0.002330699065246966,0.002309355360541998
2023-04-24,0.001043250097046533,0.003129750291139599,0.003072244077939157
2023-04-25,-0.015873824829811367,-0.0476214744894341,-0.04823880117273405
2023-04-26,-0.004235661076224195,-0.012706983228672586,-0.012872176876237762
2023-04-27,0.019908052317876734,0.0597241569536302,0.05786470827866408
2023-04-28,0.008535216104480048,0.025605648313440144,0.02619415080700005
2023-05-01,-0.0010098502722071245,-0.0030295508166213736,-0.0035034606304467086
2023-05-02,-0.011239249091175796,-0.03371774727352739,-0.03365146222505544
2023-05-03,-0.006863973421326275,-0.020591920263978825,-0.021309797483146542
2023-05-04,-0.007082984451382002,-0.021248953354146005,-0.022039381758543253
2023-05-05,0.01851269260183641,0.055538077805509234,0.054032088427849345
2023-05-08,0.00026644879626536166,0.000799346388796085,0.0012879659523454823
2023-05-09,-0.004385308081913619,-0.013155924245740858,-0.0136350569465723
2023-05-10,0.004672326458151632,0.014016979374454897,0.013562965724117193
2023-05-11,-0.0017439362747121434,-0.00523180882413643,-0.005918921877954841
2023-05-12,-0.0013102749732943897,-0.003930824919883169,-0.003882902373655739
2023-05-15,0.0034501060767586633,0.01035031823027599,0.009095723717241322
2023-05-16,-0.006682699734958053,-0.02004809920487416,-0.020087669083524662
2023-05-17,0.01213896198387987,0.03641688595163961,0.035479619373518734
2023-05-18,0.009633235231776727,0.02889970569533018,0.028934161588728413
2023-05-19,-0.0014550678683634688,-0.004365203605090406,-0.004933474420588668
2023-05-22,0.0004061967857464932,0.0012185903572394796,0.0
2023-05-23,-0.011223009166217546,-0.03366902749865264,-0.03296983138708931
2023-05-24,-0.007244742327237597,-0.02173422698171279,-0.022301970675835947
2023-05-25,0.008659931509626295,0.025979794528878886,0.023597332709998975
2023-05-26,0.012950613581009796,0.03885184074302939,0.03944673262967546
2023-05-30,0.00038095879525634757,0.0011428763857690427,0.0004926705603749415
2023-05-31,-0.005545154935055918,-0.016635464805167754,-0.01724126597711506
2023-06-01,0.009500957417476474,0.028502872252429423,0.027819541437919648
2023-06-02,0.014461115768249266,0.0433833473047478,0.0434041512134522
2023-06-05,-0.001916151080857298,-0.005748453242571894,-0.006777252662772959
2023-06-06,0.0021774702043062533,0.00653241061291876,0.006588063002453515
2023-06-07,-0.003457851255549982,-0.010373553766649946,-0.010285158180416643
2023-06-08,0.006048699867332585,0.018146099601997756,0.01724132576000481
2023-06-09,0.0017942256773484377,0.005382677032045313,0.004411446700197663
2023-06-12,0.009071809414387344,0.027215428243162032,0.02704578576090544
2023-06-13,0.0065930378749565755,0.019779113624869726,0.020031515080395135
2023-06-14,0.0011907204711454344,0.0035721614134363033,0.0026479638449286025
2023-06-15,0.01239779760988946,0.03719339282966838,0.03609150643682857
2023-06-16,-0.0034063170597553594,-0.010218951179266078,-0.009770671177875556
2023-06-20,-0.005188176368190356,-0.015564529104571068,-0.015658466915807634
2023-06-21,-0.005123787167904736,-0.01537136150371421,-0.016285989074965923
2023-06-22,0.003609840105985196,0.010829520317955588,0.009555625869589912
2023-06-23,-0.007560060484465891,-0.022680181453397674,-0.022452220690917124
2023-06-26,-0.004085607894132148,-0.012256823682396445,-0.012834916724277279
2023-06-27,0.010963270988199492,0.032889812964598475,0.03170610834886678
2023-06-28,0.000504335204789097,0.001513005614367291,0.0015476806867760207
2023-06-29,0.003941391179571596,0.011824173538714788,0.010816938397301357
2023-06-30,0.011800707661295817,0.03540212298388745,0.03472371854346812
2023-07-03,0.0011503915105322005,0.0034511745315966014,0.0044322688900571006
2023-07-05,-0.0014870271724298778,-0.004461081517289633,-0.005883560082886041
2023-07-06,-0.00783068944655696,-0.02349206833967088,-0.02409648765727146
2023-07-07,-0.002524674366002122,-0.007574023098006366,-0.008663616343742797
2023-07-10,0.002531064479612599,0.0075931934388377975,0.007428422544349278
2023-07-11,0.006368482439919498,0.019105447319758495,0.019301725972450834
2023-07-12,0.008045847835459918,0.024137543506379755,0.022765781738597557
2023-07-13,0.007936950894178674,0.02381085268253602,0.02309142825059962
2023-07-14,-0.0006227755795747969,-0.0018683267387243907,-0.002440026915243587
2023-07-17,0.003472237574862591,0.010416712724587773,0.010191699098265117
2023-07-18,0.0074304704089636076,0.022291411226890823,0.02239703467135179
2023-07-19,0.0022237844752370783,0.006671353425711235,0.00572323104489314
2023-07-20,-0.006634457653066028,-0.019903372959198085,-0.02021181837364716
2023-07-21,0.0,0.0,-0.00040061398649371416
2023-07-24,0.004467270187576755,0.013401810562730265,0.013023473120836293
2023-07-25,0.00273005547174221,0.00819016641522663,0.007713640927281107
2023-07-26,0.00015375194617872623,0.0004612558385361787,-0.0003926695132494551
2023-07-27,-0.006630010369165329,-0.019890031107495987,-0.020223724072231164
2023-07-28,0.009790406658167994,0.02937121997450398,0.028657257601232944
2023-07-31,0.0019039217513769913,0.005711765254130974,0.0056497170897558124
2023-08-01,-0.0028615413092479836,-0.00858462392774395,-0.009492436353157885
2023-08-02,-0.013910728262778616,-0.04173218478833585,-0.04146294196070388
2023-08-03,-0.0028659667176323955,-0.008597900152897187,-0.009793883572401518
2023-08-04,-0.004522711793095491,-0.013568135379286472,-0.014012064819206471
2023-08-07,0.008728546557748018,0.026185639673244054,0.025287414669992847
2023-08-08,-0.004348718971491361,-0.013046156914474083,-0.013452895062923242
2023-08-09,-0.006685202897440012,-0.020055608692320037,-0.02004143614280618
2023-08-10,0.00035896326395712386,0.0010768897918713716,-0.00021070248305399275
2023-08-11,-0.0005830450824156896,-0.001749135247247069,-0.001898022898234819
2023-08-14,0.005519871733258741,0.016559615199776223,0.015423798262756527
2023-08-15,-0.011648746761062312,-0.034946240283186936,-0.033708088713865214
2023-08-16,-0.007338179805379097,-0.02201453941613729,-0.023686389647299078
2023-08-17,-0.007619905598400978,-0.022859716795202933,-0.023378790817706663
2023-08-18,0.00048128820469672817,0.0014438646140901845,0.00045155701403620796
2023-08-21,0.00650624712361525,0.01951874137084575,0.019864588817319673
2023-08-22,-0.002708578488723745,-0.008125735466171236,-0.008632090345434662
2023-08-23,0.01113775551769458,0.03341326655308374,0.03192670592700364
2023-08-24,-0.013859149719368524,-0.04157744915810557,-0.04132417129808241
2023-08-25,0.007049910496047085,0.021149731488141255,0.02053724494421827
2023-08-28,0.006341349228824011,0.019024047686472034,0.0183546759136497
2023-08-29,0.014454723595797914,0.04336417078739374,0.04277966202165606
2023-08-30,0.0041188857924319144,0.012356657377295743,0.012703041269287674
2023-08-31,-0.001463428331377914,-0.004390284994133742,-0.006169137157240101
2023-09-01,0.001865187125232648,0.005595561375697944,0.0049659612787607
2023-09-05,-0.004321940839272731,-0.012965822517818193,-0.012559352595796658
2023-09-06,-0.006722407245704054,-0.020167221737112162,-0.020850587298027135
2023-09-07,-0.003070198594972151,-0.009210595784916453,-0.01022150927527088
2023-09-08,0.001506160493660147,0.004518481480980441,0.003442383480806388
2023-09-11,0.006576494253065723,0.01972948275919717,0.019939969292728454
2023-09-12,-0.005485545987077511,-0.016456637961232534,-0.017237775367342167
2023-09-13,0.0011660202193222169,0.0034980606579666507,0.003850201631476091
2023-09-14,0.008622351434490083,0.02586705430347025,0.024504716717614006
2023-09-15,-0.012048392061324464,-0.03614517618397339,-0.03660570687335729
2023-09-18,0.0005864868190801342,0.0017594604572404027,0.001511177301592559
2023-09-19,-0.0020738462160585502,-0.006221538648175651,-0.006251346932716784
2023-09-20,-0.009193281432415046,-0.027579844297245137,-0.02853785279964427
2023-09-21,-0.016528335866548116,-0.04958500759964435,-0.04985480216100324
2023-09-22,-0.00224848207742534,-0.00674544623227602,-0.00823517291489173
2023-09-25,0.004205068085425312,0.012615204256275936,0.013048585754544817
2023-09-26,-0.014691208403056377,-0.04407362520916913,-0.04519903632433886
2023-09-27,0.00039915625224229423,0.0011974687567268827,0.0017168855128186777
2023-09-28,0.0057973623801592655,0.017392087140477797,0.016160679338799167
2023-09-29,-0.0024268109558872597,-0.007280432867661779,-0.007951832651758695
2023-10-02,-0.0003978069535034434,-0.0011934208605103303,-0.0009715588698077093
2023-10-03,-0.01338605178789043,-0.04015815536367129,-0.040846092275594104
2023-10-04,0.007281987894069308,0.021845963682207925,0.021292772696147155
2023-10-05,-0.0003767771821465704,-0.0011303315464397112,-0.002481996018751431
2023-10-06,0.011872772539064824,0.03561831761719447,0.035083239440816705
2023-10-09,0.006402218302754781,0.019206654908264342,0.018509676444690593
2023-10-10,0.005204745410153366,0.015614236230460099,0.01534098546690843
2023-10-11,0.0040964402730523375,0.012289320819157012,0.012784793413582296
2023-10-12,-0.006096517525370104,-0.018289552576110313,-0.019049786553299808
2023-10-13,-0.004980822115951411,-0.014942466347854233,-0.01520817856761536
2023-10-16,0.010521446778856136,0.03156434033656841,0.03088607812663402
2023-10-17,-4.589458078629871e-05,-0.00013768374235889613,-0.0009218502289360941
2023-10-18,-0.01332507807757155,-0.03997523423271465,-0.0396769347891166
2023-10-19,-0.00878644645106963,-0.026359339353208888,-0.027384066631392368
2023-10-20,-0.012287963327307083,-0.03686388998192125,-0.03828109872058394
2023-10-23,-0.0017332954504647446,-0.005199886351394234,-0.004879460774143252
2023-10-24,0.007539387412359044,0.022618162237077133,0.02219368541268052
2023-10-25,-0.014352198356650914,-0.04305659506995274,-0.04342344577523316
2023-10-26,-0.011974612523645844,-0.035923837570937533,-0.03694892488417889
2023-10-27,-0.004532738724701835,-0.013598216174105504,-0.014250466453350485
2023-10-30,0.01195583694812652,0.03586751084437956,0.035585242517551574
2023-10-31,0.0062801979107436345,0.018840593732230904,0.01798634111565689
2023-11-01,0.010664724564323214,0.03199417369296964,0.03190948971585761
2023-11-02,0.01916444845926124,0.05749334537778372,0.05622282463751249
2023-11-03,0.009123332470968526,0.027369997412905578,0.026856825959300057
2023-11-06,0.0023004326634967764,0.006901297990490329,0.006362026193962977
2023-11-07,0.0028460462886819027,0.008538138866045708,0.008428925319911018
2023-11-08,0.0007324636645780203,0.0021973909937340608,0.002321703506472428
2023-11-09,-0.0077988094063337066,-0.02339642821900112,-0.024785764181863956
2023-11-10,0.015604863858114326,0.04681459157434298,0.04655603331257585
2023-11-13,-0.0009531580855295374,-0.002859474256588612,-0.0031775428930270744
2023-11-14,0.019400636522781678,0.058201909568345034,0.05760474464737064
2023-11-15,0.0021170677680877326,0.006351203304263198,0.006458532958630636
2023-11-16,0.0012231647301554904,0.0036694941904664713,0.0025667857707103447
2023-11-17,0.0012437914335230449,0.0037313743005691347,0.0038404446150834826
2023-11-20,0.007697604649905321,0.023092813949715962,0.022104126783538014
2023-11-21,-0.0021794028185708747,-0.006538208455712624,-0.007485951778891442
2023-11-22,0.0038608397208681478,0.011582519162604443,0.0115231884148006
2023-11-24,0.0006153150502106186,0.0018459451506318558,0.000828481316458074
2023-11-27,-0.0018009247826883401,-0.00540277434806502,-0.005173901210452692
2023-11-28,0.0009900838488319241,0.0029702515464957724,0.002288417145296151
2023-11-29,-0.0007034146067517177,-0.0021102438202551532,-0.0029057429886112374
2023-11-30,0.0039374313635267555,0.011812294090580266,0.01124065386380435
2023-12-01,0.0059159194509486035,0.01774775835284581,0.016879261639613397
2023-12-04,-0.005249384679304581,-0.015748154037913742,-0.01518212942695174
2023-12-05,-0.00019715335212167062,-0.0005914600563650119,-0.0012333102201451673
2023-12-06,-0.004029671638697274,-0.012089014916091823,-0.01255407100659156
2023-12-07,0.00763033711090122,0.02289101133270366,0.02167576160603013
2023-12-08,0.004299172221024161,0.012897516663072484,0.012851895454061957
2023-12-11,0.0038895363869688726,0.011668609160906618,0.011480349931254352
2023-12-12,0.004567198705346609,0.013701596116039827,0.013341278422756009
2023-12-13,0.013790188504608558,0.041370565513825674,0.040479555117170385
2023-12-14,0.0032093178094358965,0.00962795342830769,0.008876220544869806
2023-12-15,-0.0016464113834554484,-0.004939234150366345,-0.004492740062505107
2023-12-18,0.005625014686251095,0.016875044058753286,0.015983465116235385
2023-12-19,0.006080854709769268,0.018242564129307803,0.017397876336110008
2023-12-20,-0.013857220763033973,-0.04157166228910192,-0.04304395234494118
2023-12-21,0.009481925849788686,0.028445777549366058,0.028576977527533076
2023-12-22,0.002009679541549625,0.006029038624648875,0.005556419496825615
2023-12-26,0.004222476781840845,0.012667430345522535,0.011788586410068636
2023-12-27,0.001808102537638634,0.005424307612915902,0.005461544741204749
2023-12-28,0.0003777374978455317,0.001133212493536595,-0.00018109971567414895
2023-12-29,-0.0028950016792405053,-0.008685005037721516,-0.008692482074978414
2024-01-02,-0.005596242875398283,-0.01678872862619485,-0.018085570200909395
2024-01-03,-0.008166726541525615,-0.024500179624576846,-0.024185999362030697
2024-01-04,-0.0032210944427020216,-0.009663283328106065,-0.010486074648473287
2024-01-05,0.0013696543119356974,0.004108962935807092,0.003853425459572568
2024-01-08,0.014275917147605233,0.0428277514428157,0.04165072675311565
2024-01-09,-0.001517030701243094,-0.004551092103729282,-0.0049751257871476495
2024-01-10,0.005655384111332928,0.016966152333998785,0.017222203404833936
2024-01-11,-0.00044065828672545937,-0.001321974860176378,-0.0025486136172901963
2024-01-12,0.0006927405805516873,0.002078221741655062,0.0014600116840208788
2024-01-16,-0.003671206516869807,-0.011013619550609421,-0.011117111898309773
2024-01-17,-0.00555868915629143,-0.01667606746887429,-0.01769261928806032
2024-01-18,0.008892780677595136,0.026678342032785407,0.02589116521670176
2024-01-19,0.012466184511219502,0.03739855353365851,0.037490788931285435
2024-01-22,0.0021143522835795903,0.006343056850738771,0.005640876904388525
2024-01-23,0.0029164569222044356,0.008749370766613307,0.008238396836196982
2024-01-24,0.0010931117756824982,0.0032793353270474945,0.0027815675821452057
2024-01-25,0.005438964756206532,0.016316894268619597,0.015950081590737852
2024-01-26,-0.0012703903297327512,-0.0038111709891982537,-0.004095586190978273
2024-01-29,0.007919354574687842,0.023758063724063527,0.023303676534832674
2024-01-30,-0.0007734729928124962,-0.0023204189784374885,-0.0031815503409708956
2024-01-31,-0.01631731882391807,-0.04895195647175421,-0.048714826746392936
2024-02-01,0.013088193602172504,0.03926458080651751,0.0377890218515311
2024-02-02,0.010527408831388918,0.031582226494166754,0.030968198433416916
2024-02-05,-0.003641244589901227,-0.01092373376970368,-0.011222963474728842
2024-02-06,0.0029033525460029352,0.008710057638008806,0.008178951770352993
2024-02-07,0.0083403573216565,0.0250210719649695,0.024503332323923877
2024-02-08,0.0004417021774518748,0.0013251065323556244,0.0011311530197426478
2024-02-09,0.005779465997642896,0.01733839799292869,0.016464999865402508
2024-02-12,-0.00043897014972249515,-0.0013169104491674855,-0.001905771495733788
2024-02-13,-0.013773064431818027,-0.04131919329545408,-0.04089101008916529
2024-02-14,0.009087667513635322,0.027263002540905967,0.02637687386095844
2024-02-15,0.006899739528947624,0.02069921858684287,0.01891068793250339
2024-02-16,-0.004979936111458638,-0.014939808334375915,-0.015387053545985685
2024-02-20,-0.00550544466775571,-0.01651633400326713,-0.016755329291080368
2024-02-21,0.0009057553103828386,0.002717265931148516,0.0022940035496454847
2024-02-22,0.020695555133976473,0.06208666540192942,0.06163169033920668
2024-02-23,0.0006896757686225552,0.0020690273058676656,0.001231696152582673
2024-02-26,-0.0036625526135570796,-0.010987657840671239,-0.011073519622378902
2024-02-27,0.0018577945485616087,0.005573383645684826,0.004976899327537199
2024-02-28,-0.0013216532302537942,-0.003964959690761383,-0.004797468560671425
2024-02-29,0.0035949518794879953,0.010784855638463986,0.009796481483528519
2024-03-01,0.009388272865312741,0.028164818595938224,0.02817966480066114
2024-03-04,-0.001072436045023606,-0.0032173081350708177,-0.003893876079646752
2024-03-05,-0.0099941522138155,-0.029982456641446498,-0.030371508131040947
2024-03-06,0.0050672314538005025,0.015201694361401508,0.015506259310673176
2024-03-07,0.009926485940701335,0.029779457822104005,0.029012165528924383
2024-03-08,-0.006002260092551892,-0.018006780277655676,-0.01854877685246581
2024-03-11,-0.0008598313555446824,-0.002579494066634047,-0.0033262915770470025
2024-03-12,0.010757412403144206,0.03227223720943262,0.03200851887940459
2024-03-13,-0.001567449880946481,-0.004702349642839443,-0.005291784697429303
2024-03-14,-0.0019768515348137505,-0.005930554604441252,-0.006945535950342974
2024-03-15,-0.006866671651835743,-0.02060001495550723,-0.021726147931030892
2024-03-18,0.005943210433537072,0.017829631300611215,0.01794959500747706
2024-03-19,0.005557142036789919,0.016671426110369758,0.01673641849119467
2024-03-20,0.009249365328373838,0.027748095985121513,0.02698883177911049
2024-03-21,0.0033045280164454294,0.009913584049336288,0.008458656953123755
2024-03-22,-0.0018957595699808927,-0.005687278709942678,-0.004691380105721565
2024-03-25,-0.0027627808812499266,-0.00828834264374978,-0.008427462755385418
2024-03-26,-0.0018470748247872981,-0.005541224474361894,-0.008354991208849305
2024-03-27,0.00840387269281817,0.025211618078454512,0.02542124418852021
2024-03-28,-0.00019100893809131936,-0.0005730268142739581,-0.0005665098051403916
2024-04-01,-0.0017399576975867248,-0.005219873092760174,-0.0051027830930635565
2024-04-02,-0.006357951044059229,-0.019073853132177687,-0.020230896421207123
2024-04-03,0.001098440720839422,0.003295322162518266,0.00290829327625608
2024-04-04,-0.012206049919188389,-0.036618149757565166,-0.03813262030658071
2024-04-05,0.01044677760240198,0.03134033280720594,0.03105237340970768
2024-04-08,0.0005594288281423054,0.0016782864844269163,0.0008770280010816922
2024-04-09,0.0011568326419570951,0.0034704979258712854,0.003505710309730903
2024-04-10,-0.010013253313564952,-0.030039759940694855,-0.02940322254843708
2024-04-11,0.0075469685223108485,0.022640905566932545,0.02129584250816241
2024-04-12,-0.013803109221139032,-0.041409327663417095,-0.042584576578939104
2024-04-15,-0.01252810393707604,-0.03758431181122812,-0.03726976126353487
2024-04-16,-0.0018237849241450332,-0.0054713547724351,-0.006372515112015087
2024-04-17,-0.005918278862679038,-0.017754836588037115,-0.01779699286082259
2024-04-18,-0.002057697875421871,-0.006173093626265613,-0.007835484871341891
2024-04-19,-0.00872840492263982,-0.026185214767919462,-0.02665347914992644
2024-04-22,0.009209136572898347,0.02762740971869504,0.026876206727982632
2024-04-23,0.011866639757879938,0.03559991927363981,0.035884826552452065
2024-04-24,-0.00047463300665340213,-0.0014238990199602064,-0.0007945467615393387
2024-04-25,-0.0037988671209508995,-0.011396601362852699,-0.01351779166297118
2024-04-26,0.009473914575757192,0.028421743727271576,0.028856999860377597
2024-04-29,0.0035414371774651343,0.010624311532395403,0.009714899595074877
2024-04-30,-0.0158412133695347,-0.047523640108604104,-0.047175742179408786
2024-05-01,-0.0032471852639773813,-0.009741555791932144,-0.011400652788431387
2024-05-02,0.009353412013217488,0.028060236039652464,0.027512343731062927
2024-05-03,0.012395376537442937,0.03718612961232881,0.03719728572397596
2024-05-06,0.010326861516313679,0.030980584548941037,0.03091683853426508
2024-05-07,0.0011033866121632485,0.0033101598364897455,0.002998884807325908
2024-05-08,9.655868642188814e-05,0.0002896760592656644,-0.0004484132135791352
2024-05-09,0.005761966272326502,0.017285898816979506,0.01615310072849918
2024-05-10,0.0012882151808188969,0.0038646455424566906,0.004268497575569352
2024-05-13,0.00013419823980975742,0.0004025947194292723,-0.0005862170851586024
2024-05-14,0.004588067863598333,0.013764203590794999,0.013491576539452543
2024-05-15,0.012383154918719885,0.037149464756159656,0.036608380702472854
2024-05-16,-0.002057608636298669,-0.006172825908896007,-0.006700085535285116
2024-05-17,0.0014375335669432054,0.004312600700829616,0.003934665514622626
2024-05-20,0.0011521810525148002,0.0034565431575444006,0.002939513983174047
2024-05-21,0.0024525773440764453,0.007357732032229336,0.006838870385119433
2024-05-22,-0.0028794612953403353,-0.008638383886021006,-0.009148858227044476
2024-05-23,-0.007304123639634841,-0.021912370918904522,-0.02322338352554776
2024-05-24,0.006616451128016232,0.019849353384048696,0.019908402757146337
2024-05-28,0.0006988390154025748,0.0020965170462077243,0.0018255303205438889
2024-05-29,-0.0070026379443162146,-0.021007913832948644,-0.021586652856943722
2024-05-30,-0.006633604299975615,-0.019900812899926845,-0.020487136027804387
2024-05-31,0.009108090215681264,0.02732427064704379,0.026327210367923293
2024-06-03,0.0008153679090012744,0.0024461037270038233,0.002422706204701308
2024-06-04,0.0011178464547243472,0.0033535393641730415,0.002559063490730651
2024-06-05,0.011885157530906687,0.03565547259272006,0.035450870161381154
2024-06-06,-1.8724522300672675e-05,-5.6173566902018024e-05,-0.0004107691268445679
2024-06-07,-0.0012156233447011555,-0.0036468700341034666,-0.004795151647130624
2024-06-10,0.0030896838741458765,0.00926905162243763,0.009085884184018234
2024-06-11,0.002408247413223652,0.007224742239670956,0.006821290539317237
2024-06-12,0.008213186418238871,0.024639559254716614,0.024390127280451424
2024-06-13,0.002013481830501984,0.0060404454915059524,0.006217014380035746
2024-06-14,0.0006082543236782811,0.0018247629710348434,0.00013150038204701175
2024-06-17,0.007958965301694931,0.023876895905084794,0.023527911168248483
2024-06-18,0.0025406568525829787,0.007621970557748936,0.007319795968186771
2024-06-20,-0.002716409654015539,-0.008149228962046617,-0.008796541196128937
2024-06-21,-0.0013406824590227462,-0.0040220473770682386,-0.007073973574791226
2024-06-24,-0.0032507410637226952,-0.009752223191168086,-0.007901526537405723
2024-06-25,0.003850960963603267,0.011552882890809801,0.011098138271154356
2024-06-26,0.0012480898561768594,0.0037442695685305782,0.004053329043383513
2024-06-27,0.0015764890678278132,0.0047294672034834395,0.003740591545043692
2024-06-28,-0.003935187234301418,-0.011805561702904255,-0.012593298986095958
2024-07-01,0.0020581075939727356,0.006174322781918207,0.005726275015496718
2024-07-02,0.006729700234487046,0.020189100703461138,0.019539357390325973
2024-07-03,0.004462683694427261,0.013388051083281782,0.012565049886627433
2024-07-05,0.005766421356086626,0.01729926406825988,0.016796192285260636
2024-07-08,0.0011539352237679434,0.0034618056713038303,0.0030818939484875685
2024-07-09,0.0009724486123754428,0.0029173458371263283,0.002457827243491195
2024-07-10,0.00989535074814607,0.02968605224443821,0.028809648014717082
2024-07-11,-0.008622633144081182,-0.025867899432243546,-0.025738789558830355
2024-07-12,0.006307505989336271,0.018922517968008812,0.017857134503968863
2024-07-15,0.002750136112878554,0.008250408338635662,0.008171082517004713
2024-07-16,0.005930129552250252,0.017790388656750755,0.017520910584096105
2024-07-17,-0.014021121642041945,-0.042063364926125835,-0.0426379391849393
2024-07-18,-0.007684949393217733,-0.023054848179653198,-0.02373673538816168
2024-07-19,-0.006640565976285595,-0.019921697928856785,-0.021055209854198287
2024-07-22,0.010309968153750626,0.030929904461251878,0.031109936418741935
2024-07-23,-0.0015686126470512152,-0.0047058379411536455,-0.005214761303675153
2024-07-24,-0.022662490836489413,-0.06798747250946824,-0.06839749702919484
2024-07-25,-0.005210400077100608,-0.015631200231301823,-0.016345139294823285
2024-07-26,0.011199711086706587,0.03359913326011976,0.03296104646220166
2024-07-29,0.0005877770266107252,0.0017633310798321755,0.0009231570822427759
2024-07-30,-0.005066500488028036,-0.015199501464084109,-0.015413074632291912
2024-07-31,0.016254652533109537,0.04876395759932861,0.04669523805040221
2024-08-01,-0.014160916985064276,-0.04248275095519283,-0.04116073135305398
2024-08-02,-0.018618472285438448,-0.05585541685631534,-0.05652585357695705
2024-08-05,-0.02912364930807465,-0.08737094792422395,-0.08817284701600703
2024-08-06,0.009219564509202804,0.027658693527608413,0.027429134980622383
2024-08-07,-0.0066839837884725695,-0.02005195136541771,-0.02096534426435659
2024-08-08,0.023117328907638734,0.0693519867229162,0.06901855817441604
2024-08-09,0.004409648640266939,0.013228945920800816,0.012249586707075322
2024-08-12,0.000525396560111302,0.001576189680333906,0.0011389800710612796
2024-08-13,0.01644555305802431,0.04933665917407293,0.04906139687918376
2024-08-14,0.0031548655884041654,0.009464596765212496,0.009624576004671814
2024-08-15,0.017140235981119467,0.0514207079433584,0.05075191348216834
2024-08-16,0.002242026879083925,0.0067260806372517745,0.005238940592597219
2024-08-19,0.009561362856199906,0.02868408856859972,0.02872754419405288
2024-08-20,-0.0016260397415359673,-0.004878119224607902,-0.005436788484892818
2024-08-21,0.003436539462509991,0.010309618387529973,0.010808811035537769
2024-08-22,-0.007848545245328964,-0.023545635735986892,-0.024336290465802657
2024-08-23,0.010625364808704685,0.031876094426114054,0.030612210483470736
2024-08-26,-0.002383852795347252,-0.007151558386041756,-0.007823009071305842
2024-08-27,0.0013731610444538411,0.004119483133361523,0.004188771585484474
2024-08-28,-0.005805309695921412,-0.017415929087764237,-0.01766650685289517
2024-08-29,8.948137646913601e-05,0.00026844412940740803,-0.0004996228468452379
2024-08-30,0.009546019136774886,0.028638057410324658,0.027114790819089407
2024-09-03,-0.020579027558321306,-0.06173708267496392,-0.061557128325975374
2024-09-04,-0.002046770882646487,-0.006140312647939461,-0.0073891078533292465
2024-09-05,-0.0024322264673088956,-0.007296679401926687,-0.007313548030303929
2024-09-06,-0.016830053310169624,-0.05049015993050887,-0.051177529896755725
2024-09-09,0.011196229039360794,0.03358868711808238,0.03272324357552869
2024-09-10,0.004355627323948008,0.013066881971844024,0.012755144221205272
2024-09-11,0.010258950365243713,0.03077685109573114,0.03009403740220984
2024-09-12,0.008423293697768619,0.025269881093305857,0.02522530149718616
2024-09-13,0.005222774120357654,0.01566832236107296,0.01468740802905999
2024-09-16,0.001476827147387949,0.004430481442163847,0.004701221339053596
2024-09-17,0.00040866398096373047,0.0012259919428911914,0.0008619250022581237
2024-09-18,-0.0029658168326224255,-0.008897450497867276,-0.009596385648748873
2024-09-19,0.017064397549709565,0.051193192649128694,0.050807327021985316
2024-09-20,-0.001728654250921835,-0.005185962752765505,-0.006738335593672207
2024-09-23,0.0024988700574681832,0.00749661017240455,0.007736226336216623
2024-09-24,0.0028613143253319873,0.008583942975995962,0.008503629822843806
2024-09-25,-0.0022055133774685487,-0.006616540132405646,-0.00727950135630695
2024-09-26,0.003964651345061521,0.011893954035184562,0.012063827395038862
2024-09-27,-0.0014503182029491635,-0.00435095460884749,-0.005609481811913897
2024-09-30,0.0040072780371684935,0.01202183411150548,0.012927560828038143
2024-10-01,-0.0089584749040581,-0.0268754247121743,-0.02772942710232784
2024-10-02,0.00042205732551758857,0.0012661719765527657,0.00011926618701640912
2024-10-03,-0.0018281792604923908,-0.005484537781477172,-0.005607937410743058
2024-10-04,0.009087339434985742,0.027262018304957225,0.026157912178652598
2024-10-07,-0.009040442689714157,-0.02712132806914247,-0.02689424126105544
2024-10-08,0.009457547081078044,0.02837264124323413,0.02775772079680139
2024-10-09,0.006926447400689373,0.02077934220206812,0.020343714352895725
2024-10-10,-0.0017500255397128184,-0.005250076619138455,-0.005500123135127932
2024-10-11,0.005988252959907792,0.017964758879723375,0.016476555940673432
2024-10-14,0.008178318945803564,0.024534956837410693,0.024597575820890727
2024-10-15,-0.0077696775233381254,-0.023309032570014376,-0.023232641755738137
2024-10-16,0.00434640444437151,0.01303921333311453,0.012232436514390654
2024-10-17,8.584543021927793e-05,0.0002575362906578338,0.0002237511743521381
2024-10-18,0.0038465722734466468,0.01153971682033994,0.010291958554950575
2024-10-21,-0.0016422140791901851,-0.004926642237570555,-0.004761380985497166
2024-10-22,-0.0005311542518380286,-0.0015934627555140857,-0.0021138720273435885
2024-10-23,-0.009137380893711078,-0.027412142681133234,-0.028096824661223874
2024-10-24,0.0021626672107126765,0.00648800163213803,0.006194802419070333
2024-10-25,-0.00034530110213959464,-0.001035903306418784,-0.001938184593772374
2024-10-28,0.003091391148152267,0.009274173444456801,0.009024456331565123
2024-10-29,0.0016183778622804734,0.00485513358684142,0.004302017950195136
2024-10-30,-0.0030252672130528513,-0.009075801639158554,-0.00913084846075174
2024-10-31,-0.01960310154264744,-0.058809304627942316,-0.059613171476758264
2024-11-01,0.004220532001058652,0.012661596003175957,0.012097749282563797
2024-11-04,-0.0021539305759273875,-0.006461791727782162,-0.006813379144960718
2024-11-05,0.012091775640930225,0.036275326922790674,0.03610542944063111
2024-11-06,0.024865554910313614,0.07459666473094084,0.07445700934811339
2024-11-07,0.0077321458684938005,0.0231964376054814,0.02248650628167237
2024-11-08,0.004331722357409529,0.012995167072228586,0.012687639300173581
2024-11-11,0.0009528867448342915,0.0028586602345028744,0.0020881664249920995
2024-11-12,-0.003106395419244068,-0.009319186257732204,-0.009689521490401143
2024-11-13,0.000485806693723001,0.001457420081169003,0.001262442012991416
2024-11-14,-0.006430159312396544,-0.019290477937189632,-0.019648998141913343
2024-11-15,-0.012808588351979733,-0.0384257650559392,-0.03944266007295105
2024-11-18,0.004097352819568911,0.012292058458706734,0.012162422500396453
2024-11-19,0.003655467635231613,0.010966402905694839,0.010913878004205513
2024-11-20,0.000338831460557909,0.001016494381673727,0.0005452895683959458
2024-11-21,0.005368302980789608,0.016104908942368823,0.01547681928005784
2024-11-22,0.003099410292649374,0.009298230877948122,0.008264508828954575
2024-11-25,0.003392083253218603,0.010176249759655809,0.009793465457052175
2024-11-26,0.005221486727384761,0.015664460182154283,0.016023578255180082
2024-11-27,-0.0030300628489846604,-0.009090188546953981,-0.01027181875889105
2024-11-29,0.006212064520751737,0.01863619356225521,0.017402281924005614
2024-12-02,0.0017924107737512518,0.005377232321253755,0.005873257876357174
2024-12-03,0.000463807728996235,0.001391423186988705,0.0005121432181585117
2024-12-04,0.006209534809425099,0.018628604428275297,0.018122292471013157
2024-12-05,-0.00164565718361398,-0.00493697155084194,-0.0048270650155748385
2024-12-06,0.0018956655539701384,0.005686996661910415,0.005254691564993363
2024-12-09,-0.005149643631043976,-0.015448930893131929,-0.016284707397621112
2024-12-10,-0.003109090602606557,-0.00932727180781967,-0.009401166597254207
2024-12-11,0.007730647435394422,0.023191942306183266,0.023107053923621113
2024-12-12,-0.005152610492206833,-0.015457831476620498,-0.0159306495885565
